"Colony","Month","Year","Date","NBrC","BrC","EgC","ChC","JuC","TotC","NBrB","BrB","EgB","ChB","JuB","TotB","NBrP","BrP","EgP","ChP","JuP","TotP"
"CHN",1,2000,2000-01-15,NA,NA,NA,NA,NA,0,NA,NA,NA,NA,NA,48900,NA,NA,NA,NA,NA,80
"CHC",1,2000,2000-01-15,NA,NA,NA,NA,NA,60000,NA,NA,NA,NA,NA,130420,NA,NA,NA,NA,NA,60
"CHS",1,2000,2000-01-15,NA,NA,NA,NA,NA,0,NA,NA,NA,NA,NA,21600,NA,NA,NA,NA,NA,23
"BA",1,2000,2000-01-15,NA,NA,NA,NA,NA,481,NA,NA,NA,NA,NA,71850,NA,NA,NA,NA,NA,0
"CHN",2,2000,2000-02-15,NA,NA,NA,NA,NA,0,NA,NA,NA,NA,NA,48900,NA,NA,NA,NA,NA,36
"CHC",2,2000,2000-02-15,NA,NA,NA,NA,NA,0,NA,NA,NA,NA,NA,26475,NA,NA,NA,NA,NA,0
"CHS",2,2000,2000-02-15,NA,NA,NA,NA,NA,0,NA,NA,NA,NA,NA,23637,NA,NA,NA,NA,NA,0
"BA",2,2000,2000-02-15,NA,NA,NA,NA,NA,180,NA,NA,NA,NA,NA,58960,NA,NA,NA,NA,NA,0
"CHN",3,2000,2000-03-15,NA,NA,NA,NA,NA,2000,NA,NA,NA,NA,NA,122545,NA,NA,NA,NA,NA,50
"CHC",3,2000,2000-03-15,NA,NA,NA,NA,NA,800,NA,NA,NA,NA,NA,19415,NA,NA,NA,NA,NA,25
"CHS",3,2000,2000-03-15,NA,NA,NA,NA,NA,0,NA,NA,NA,NA,NA,10800,NA,NA,NA,NA,NA,0
"BA",3,2000,2000-03-15,NA,NA,NA,NA,NA,0,NA,NA,NA,NA,NA,3850,NA,NA,NA,NA,NA,0
"CHN",4,2000,2000-04-15,NA,NA,NA,NA,NA,26500,NA,NA,NA,NA,NA,155200,NA,NA,NA,NA,NA,508
"CHC",4,2000,2000-04-15,NA,NA,NA,NA,NA,0,NA,NA,NA,NA,NA,55495,NA,NA,NA,NA,NA,32
"CHS",4,2000,2000-04-15,NA,NA,NA,NA,NA,0,NA,NA,NA,NA,NA,5980,NA,NA,NA,NA,NA,25
"BA",4,2000,2000-04-15,NA,NA,NA,NA,NA,0,NA,NA,NA,NA,NA,17000,NA,NA,NA,NA,NA,0
"CHN",5,2000,2000-05-15,NA,NA,NA,NA,NA,0,NA,NA,NA,NA,NA,50580,NA,NA,NA,NA,NA,680
"CHC",5,2000,2000-05-15,NA,NA,NA,NA,NA,0,NA,NA,NA,NA,NA,6000,NA,NA,NA,NA,NA,8
"CHS",5,2000,2000-05-15,NA,NA,NA,NA,NA,0,NA,NA,NA,NA,NA,9900,NA,NA,NA,NA,NA,20
"BA",5,2000,2000-05-15,NA,NA,NA,NA,NA,0,NA,NA,NA,NA,NA,14000,NA,NA,NA,NA,NA,360
"CHN",6,2000,2000-06-15,NA,NA,NA,NA,NA,20000,NA,NA,NA,NA,NA,55538,NA,NA,NA,NA,NA,1258
"CHC",6,2000,2000-06-15,NA,NA,NA,NA,NA,0,NA,NA,NA,NA,NA,2580,NA,NA,NA,NA,NA,12
"CHS",6,2000,2000-06-15,NA,NA,NA,NA,NA,21,NA,NA,NA,NA,NA,11300,NA,NA,NA,NA,NA,9
"BA",6,2000,2000-06-15,NA,NA,NA,NA,NA,0,NA,NA,NA,NA,NA,12080,NA,NA,NA,NA,NA,0
"CHN",7,2000,2000-07-15,NA,NA,NA,NA,NA,12000,NA,NA,NA,NA,NA,79496,NA,NA,NA,NA,NA,1579
"CHC",7,2000,2000-07-15,NA,NA,NA,NA,NA,0,NA,NA,NA,NA,NA,0,NA,NA,NA,NA,NA,2360
"CHS",7,2000,2000-07-15,NA,NA,NA,NA,NA,0,NA,NA,NA,NA,NA,24900,NA,NA,NA,NA,NA,27
"BA",7,2000,2000-07-15,NA,NA,NA,NA,NA,25000,NA,NA,NA,NA,NA,14080,NA,NA,NA,NA,NA,1440
"CHN",8,2000,2000-08-15,NA,NA,NA,NA,NA,160,NA,NA,NA,NA,NA,125895,NA,NA,NA,NA,NA,750
"CHC",8,2000,2000-08-15,NA,NA,NA,NA,NA,0,NA,NA,NA,NA,NA,6450,NA,NA,NA,NA,NA,30
"CHS",8,2000,2000-08-15,NA,NA,NA,NA,NA,0,NA,NA,NA,NA,NA,3300,NA,NA,NA,NA,NA,12
"BA",8,2000,2000-08-15,NA,NA,NA,NA,NA,50000,NA,NA,NA,NA,NA,18030,NA,NA,NA,NA,NA,60
"CHN",9,2000,2000-09-15,NA,NA,NA,NA,NA,640,NA,NA,NA,NA,NA,43500,NA,NA,NA,NA,NA,950
"CHC",9,2000,2000-09-15,NA,NA,NA,NA,NA,260,NA,NA,NA,NA,NA,70655,NA,NA,NA,NA,NA,23
"CHS",9,2000,2000-09-15,NA,NA,NA,NA,NA,0,NA,NA,NA,NA,NA,865,NA,NA,NA,NA,NA,33
"BA",9,2000,2000-09-15,NA,NA,NA,NA,NA,0,NA,NA,NA,NA,NA,14095,NA,NA,NA,NA,NA,0
"CHN",10,2000,2000-10-15,NA,NA,NA,NA,NA,350,NA,NA,NA,NA,NA,6830,NA,NA,NA,NA,NA,1000
"CHC",10,2000,2000-10-15,NA,NA,NA,NA,NA,0,NA,NA,NA,NA,NA,150655,NA,NA,NA,NA,NA,50
"CHS",10,2000,2000-10-15,NA,NA,NA,NA,NA,0,NA,NA,NA,NA,NA,3865,NA,NA,NA,NA,NA,33
"BA",10,2000,2000-10-15,NA,NA,NA,NA,NA,0,NA,NA,NA,NA,NA,12345,NA,NA,NA,NA,NA,0
"CHN",11,2000,2000-11-15,NA,NA,NA,NA,NA,10000,NA,NA,NA,NA,NA,8700,NA,NA,NA,NA,NA,1560
"CHC",11,2000,2000-11-15,NA,NA,NA,NA,NA,100000,NA,NA,NA,NA,NA,150680,NA,NA,NA,NA,NA,0
"CHS",11,2000,2000-11-15,NA,NA,NA,NA,NA,0,NA,NA,NA,NA,NA,53500,NA,NA,NA,NA,NA,0
"BA",11,2000,2000-11-15,NA,NA,NA,NA,NA,0,NA,NA,NA,NA,NA,12205,NA,NA,NA,NA,NA,0
"CHN",12,2000,2000-12-15,NA,NA,NA,NA,NA,0,NA,NA,NA,NA,NA,26100,NA,NA,NA,NA,NA,2500
"CHC",12,2000,2000-12-15,NA,NA,NA,NA,NA,4000,NA,NA,NA,NA,NA,13000,NA,NA,NA,NA,NA,40
"CHS",12,2000,2000-12-15,NA,NA,NA,NA,NA,0,NA,NA,NA,NA,NA,30475,NA,NA,NA,NA,NA,0
"BA",12,2000,2000-12-15,NA,NA,NA,NA,NA,0,NA,NA,NA,NA,NA,11770,NA,NA,NA,NA,NA,0
"CHN",1,2001,2001-01-15,NA,NA,NA,NA,NA,0,NA,NA,NA,NA,NA,24100,NA,NA,NA,NA,NA,250
"CHC",1,2001,2001-01-15,NA,NA,NA,NA,NA,4000,NA,NA,NA,NA,NA,15500,NA,NA,NA,NA,NA,0
"CHS",1,2001,2001-01-15,NA,NA,NA,NA,NA,0,NA,NA,NA,NA,NA,13800,NA,NA,NA,NA,NA,0
"BA",1,2001,2001-01-15,NA,NA,NA,NA,NA,0,NA,NA,NA,NA,NA,12970,NA,NA,NA,NA,NA,0
"CHN",2,2001,2001-02-15,NA,NA,NA,NA,NA,550,NA,NA,NA,NA,NA,31630,NA,NA,NA,NA,NA,292
"CHC",2,2001,2001-02-15,NA,NA,NA,NA,NA,19720,NA,NA,NA,NA,NA,62900,NA,NA,NA,NA,NA,0
"CHS",2,2001,2001-02-15,NA,NA,NA,NA,NA,0,NA,NA,NA,NA,NA,10000,NA,NA,NA,NA,NA,0
"BA",2,2001,2001-02-15,NA,NA,NA,NA,NA,0,NA,NA,NA,NA,NA,12610,NA,NA,NA,NA,NA,0
"CHN",3,2001,2001-03-15,NA,NA,NA,NA,NA,300,NA,NA,NA,NA,NA,36560,NA,NA,NA,NA,NA,230
"CHC",3,2001,2001-03-15,NA,NA,NA,NA,NA,20000,NA,NA,NA,NA,NA,63100,NA,NA,NA,NA,NA,0
"CHS",3,2001,2001-03-15,NA,NA,NA,NA,NA,0,NA,NA,NA,NA,NA,2200,NA,NA,NA,NA,NA,0
"BA",3,2001,2001-03-15,NA,NA,NA,NA,NA,400,NA,NA,NA,NA,NA,20500,NA,NA,NA,NA,NA,25
"CHN",4,2001,2001-04-15,NA,NA,NA,NA,NA,3000,NA,NA,NA,NA,NA,55800,NA,NA,NA,NA,NA,325
"CHC",4,2001,2001-04-15,NA,NA,NA,NA,NA,20000,NA,NA,NA,NA,NA,62800,NA,NA,NA,NA,NA,0
"CHS",4,2001,2001-04-15,NA,NA,NA,NA,NA,0,NA,NA,NA,NA,NA,10000,NA,NA,NA,NA,NA,0
"BA",4,2001,2001-04-15,NA,NA,NA,NA,NA,0,NA,NA,NA,NA,NA,19090,NA,NA,NA,NA,NA,0
"CHN",5,2001,2001-05-15,NA,NA,NA,NA,NA,6245,NA,NA,NA,NA,NA,67779,NA,NA,NA,NA,NA,521
"CHC",5,2001,2001-05-15,NA,NA,NA,NA,NA,0,NA,NA,NA,NA,NA,33000,NA,NA,NA,NA,NA,0
"CHS",5,2001,2001-05-15,NA,NA,NA,NA,NA,0,NA,NA,NA,NA,NA,10100,NA,NA,NA,NA,NA,0
"BA",5,2001,2001-05-15,NA,NA,NA,NA,NA,0,NA,NA,NA,NA,NA,18970,NA,NA,NA,NA,NA,0
"CHN",6,2001,2001-06-15,NA,NA,NA,NA,NA,7395,NA,NA,NA,NA,NA,54797,NA,NA,NA,NA,NA,620
"CHC",6,2001,2001-06-15,NA,NA,NA,NA,NA,0,NA,NA,NA,NA,NA,33020,NA,NA,NA,NA,NA,0
"CHS",6,2001,2001-06-15,NA,NA,NA,NA,NA,0,NA,NA,NA,NA,NA,10400,NA,NA,NA,NA,NA,0
"BA",6,2001,2001-06-15,NA,NA,NA,NA,NA,500,NA,NA,NA,NA,NA,19000,NA,NA,NA,NA,NA,0
"CHN",7,2001,2001-07-15,NA,NA,NA,NA,NA,25000,NA,NA,NA,NA,NA,70214,NA,NA,NA,NA,NA,4550
"CHC",7,2001,2001-07-15,NA,NA,NA,NA,NA,10000,NA,NA,NA,NA,NA,33058,NA,NA,NA,NA,NA,0
"CHS",7,2001,2001-07-15,NA,NA,NA,NA,NA,0,NA,NA,NA,NA,NA,3800,NA,NA,NA,NA,NA,4
"BA",7,2001,2001-07-15,NA,NA,NA,NA,NA,45000,NA,NA,NA,NA,NA,18950,NA,NA,NA,NA,NA,100
"CHN",8,2001,2001-08-15,NA,NA,NA,NA,NA,15000,NA,NA,NA,NA,NA,56500,NA,NA,NA,NA,NA,2700
"CHC",8,2001,2001-08-15,NA,NA,NA,NA,NA,10000,NA,NA,NA,NA,NA,43100,NA,NA,NA,NA,NA,0
"CHS",8,2001,2001-08-15,NA,NA,NA,NA,NA,0,NA,NA,NA,NA,NA,6050,NA,NA,NA,NA,NA,10
"BA",8,2001,2001-08-15,NA,NA,NA,NA,NA,45000,NA,NA,NA,NA,NA,17900,NA,NA,NA,NA,NA,50
"CHN",9,2001,2001-09-15,NA,NA,NA,NA,NA,15000,NA,NA,NA,NA,NA,59100,NA,NA,NA,NA,NA,420
"CHC",9,2001,2001-09-15,NA,NA,NA,NA,NA,9000,NA,NA,NA,NA,NA,31100,NA,NA,NA,NA,NA,125
"CHS",9,2001,2001-09-15,NA,NA,NA,NA,NA,0,NA,NA,NA,NA,NA,18000,NA,NA,NA,NA,NA,0
"BA",9,2001,2001-09-15,NA,NA,NA,NA,NA,42000,NA,NA,NA,NA,NA,21000,NA,NA,NA,NA,NA,0
"CHN",10,2001,2001-10-15,NA,NA,NA,NA,NA,25500,NA,NA,NA,NA,NA,74190,NA,NA,NA,NA,NA,2010
"CHC",10,2001,2001-10-15,NA,NA,NA,NA,NA,0,NA,NA,NA,NA,NA,9000,NA,NA,NA,NA,NA,0
"CHS",10,2001,2001-10-15,NA,NA,NA,NA,NA,0,NA,NA,NA,NA,NA,72500,NA,NA,NA,NA,NA,0
"BA",10,2001,2001-10-15,NA,NA,NA,NA,NA,36000,NA,NA,NA,NA,NA,19250,NA,NA,NA,NA,NA,80
"CHN",11,2001,2001-11-15,NA,NA,NA,NA,NA,1500,NA,NA,NA,NA,NA,82300,NA,NA,NA,NA,NA,405
"CHC",11,2001,2001-11-15,NA,NA,NA,NA,NA,0,NA,NA,NA,NA,NA,7700,NA,NA,NA,NA,NA,0
"CHS",11,2001,2001-11-15,NA,NA,NA,NA,NA,0,NA,NA,NA,NA,NA,31100,NA,NA,NA,NA,NA,0
"BA",11,2001,2001-11-15,NA,NA,NA,NA,NA,54400,NA,NA,NA,NA,NA,20000,NA,NA,NA,NA,NA,120
"CHN",12,2001,2001-12-15,NA,NA,NA,NA,NA,2300,NA,NA,NA,NA,NA,110350,NA,NA,NA,NA,NA,580
"CHC",12,2001,2001-12-15,NA,NA,NA,NA,NA,0,NA,NA,NA,NA,NA,19000,NA,NA,NA,NA,NA,0
"CHS",12,2001,2001-12-15,NA,NA,NA,NA,NA,0,NA,NA,NA,NA,NA,22800,NA,NA,NA,NA,NA,0
"BA",12,2001,2001-12-15,NA,NA,NA,NA,NA,44000,NA,NA,NA,NA,NA,28200,NA,NA,NA,NA,NA,0
"CHN",1,2002,2002-01-15,NA,NA,NA,NA,NA,3000,NA,NA,NA,NA,NA,43750,NA,NA,NA,NA,NA,500
"CHC",1,2002,2002-01-15,NA,NA,NA,NA,NA,0,NA,NA,NA,NA,NA,20500,NA,NA,NA,NA,NA,0
"CHS",1,2002,2002-01-15,NA,NA,NA,NA,NA,0,NA,NA,NA,NA,NA,44200,NA,NA,NA,NA,NA,0
"BA",1,2002,2002-01-15,NA,NA,NA,NA,NA,52000,NA,NA,NA,NA,NA,23600,NA,NA,NA,NA,NA,0
"CHN",2,2002,2002-02-15,NA,NA,NA,NA,NA,40,NA,NA,NA,NA,NA,64800,NA,NA,NA,NA,NA,540
"CHC",2,2002,2002-02-15,NA,NA,NA,NA,NA,240,NA,NA,NA,NA,NA,29850,NA,NA,NA,NA,NA,0
"CHS",2,2002,2002-02-15,NA,NA,NA,NA,NA,0,NA,NA,NA,NA,NA,31600,NA,NA,NA,NA,NA,0
"BA",2,2002,2002-02-15,NA,NA,NA,NA,NA,40800,NA,NA,NA,NA,NA,72900,NA,NA,NA,NA,NA,0
"CHN",3,2002,2002-03-15,NA,NA,NA,NA,NA,822,NA,NA,NA,NA,NA,69888,NA,NA,NA,NA,NA,395
"CHC",3,2002,2002-03-15,NA,NA,NA,NA,NA,160,NA,NA,NA,NA,NA,30110,NA,NA,NA,NA,NA,0
"CHS",3,2002,2002-03-15,NA,NA,NA,NA,NA,0,NA,NA,NA,NA,NA,62400,NA,NA,NA,NA,NA,0
"BA",3,2002,2002-03-15,NA,NA,NA,NA,NA,80000,NA,NA,NA,NA,NA,150000,NA,NA,NA,NA,NA,50
"CHN",4,2002,2002-04-15,NA,NA,NA,NA,NA,18150,NA,NA,NA,NA,NA,69640,NA,NA,NA,NA,NA,410
"CHC",4,2002,2002-04-15,NA,NA,NA,NA,NA,0,NA,NA,NA,NA,NA,31000,NA,NA,NA,NA,NA,0
"CHS",4,2002,2002-04-15,NA,NA,NA,NA,NA,0,NA,NA,NA,NA,NA,61200,NA,NA,NA,NA,NA,10
"BA",4,2002,2002-04-15,NA,NA,NA,NA,NA,90000,NA,NA,NA,NA,NA,173500,NA,NA,NA,NA,NA,0
"CHN",5,2002,2002-05-15,NA,NA,NA,NA,NA,10000,NA,NA,NA,NA,NA,66070,NA,NA,NA,NA,NA,640
"CHC",5,2002,2002-05-15,NA,NA,NA,NA,NA,0,NA,NA,NA,NA,NA,42280,NA,NA,NA,NA,NA,0
"CHS",5,2002,2002-05-15,NA,NA,NA,NA,NA,0,NA,NA,NA,NA,NA,28500,NA,NA,NA,NA,NA,0
"BA",5,2002,2002-05-15,NA,NA,NA,NA,NA,22500,NA,NA,NA,NA,NA,75000,NA,NA,NA,NA,NA,300
"CHN",6,2002,2002-06-15,NA,NA,NA,NA,NA,50000,NA,NA,NA,NA,NA,78600,NA,NA,NA,NA,NA,300
"CHC",6,2002,2002-06-15,NA,NA,NA,NA,NA,0,NA,NA,NA,NA,NA,22315,NA,NA,NA,NA,NA,0
"CHS",6,2002,2002-06-15,NA,NA,NA,NA,NA,0,NA,NA,NA,NA,NA,20000,NA,NA,NA,NA,NA,25
"BA",6,2002,2002-06-15,NA,NA,NA,NA,NA,22800,NA,NA,NA,NA,NA,28000,NA,NA,NA,NA,NA,0
"CHN",7,2002,2002-07-15,NA,NA,NA,NA,NA,3000,NA,NA,NA,NA,NA,107400,NA,NA,NA,NA,NA,395
"CHC",7,2002,2002-07-15,NA,NA,NA,NA,NA,1000,NA,NA,NA,NA,NA,92050,NA,NA,NA,NA,NA,0
"CHS",7,2002,2002-07-15,NA,NA,NA,NA,NA,0,NA,NA,NA,NA,NA,24750,NA,NA,NA,NA,NA,0
"BA",7,2002,2002-07-15,NA,NA,NA,NA,NA,72000,NA,NA,NA,NA,NA,35000,NA,NA,NA,NA,NA,0
"CHN",8,2002,2002-08-15,NA,NA,NA,NA,NA,0,NA,NA,NA,NA,NA,32355,NA,NA,NA,NA,NA,90
"CHC",8,2002,2002-08-15,NA,NA,NA,NA,NA,2400,NA,NA,NA,NA,NA,52000,NA,NA,NA,NA,NA,0
"CHS",8,2002,2002-08-15,NA,NA,NA,NA,NA,240,NA,NA,NA,NA,NA,92000,NA,NA,NA,NA,NA,0
"BA",8,2002,2002-08-15,NA,NA,NA,NA,NA,82200,NA,NA,NA,NA,NA,38000,NA,NA,NA,NA,NA,0
"CHN",9,2002,2002-09-15,NA,NA,NA,NA,NA,4500,NA,NA,NA,NA,NA,23805,NA,NA,NA,NA,NA,275
"CHC",9,2002,2002-09-15,NA,NA,NA,NA,NA,0,NA,NA,NA,NA,NA,53050,NA,NA,NA,NA,NA,0
"CHS",9,2002,2002-09-15,NA,NA,NA,NA,NA,0,NA,NA,NA,NA,NA,29400,NA,NA,NA,NA,NA,0
"BA",9,2002,2002-09-15,NA,NA,NA,NA,NA,95000,NA,NA,NA,NA,NA,40000,NA,NA,NA,NA,NA,0
"CHN",10,2002,2002-10-15,NA,NA,NA,NA,NA,3000,NA,NA,NA,NA,NA,44030,NA,NA,NA,NA,NA,271
"CHC",10,2002,2002-10-15,NA,NA,NA,NA,NA,0,NA,NA,NA,NA,NA,22050,NA,NA,NA,NA,NA,0
"CHS",10,2002,2002-10-15,NA,NA,NA,NA,NA,0,NA,NA,NA,NA,NA,10500,NA,NA,NA,NA,NA,0
"BA",10,2002,2002-10-15,NA,NA,NA,NA,NA,99750,NA,NA,NA,NA,NA,31250,NA,NA,NA,NA,NA,0
"CHN",11,2002,2002-11-15,NA,NA,NA,NA,NA,450,NA,NA,NA,NA,NA,56633,NA,NA,NA,NA,NA,265
"CHC",11,2002,2002-11-15,NA,NA,NA,NA,NA,400,NA,NA,NA,NA,NA,100000,NA,NA,NA,NA,NA,0
"CHS",11,2002,2002-11-15,NA,NA,NA,NA,NA,0,NA,NA,NA,NA,NA,20700,NA,NA,NA,NA,NA,0
"BA",11,2002,2002-11-15,NA,NA,NA,NA,NA,112840,NA,NA,NA,NA,NA,40200,NA,NA,NA,NA,NA,0
"CHN",12,2002,2002-12-15,NA,NA,NA,NA,NA,1200,NA,NA,NA,NA,NA,44730,NA,NA,NA,NA,NA,430
"CHC",12,2002,2002-12-15,NA,NA,NA,NA,NA,20000,NA,NA,NA,NA,NA,84255,NA,NA,NA,NA,NA,0
"CHS",12,2002,2002-12-15,NA,NA,NA,NA,NA,0,NA,NA,NA,NA,NA,29300,NA,NA,NA,NA,NA,20
"BA",12,2002,2002-12-15,NA,NA,NA,NA,NA,123490,NA,NA,NA,NA,NA,73950,NA,NA,NA,NA,NA,0
"CHN",1,2003,2003-01-15,550,0,0,0,0,550,77250,12600,0,21530,0,89850,700,150,100,0,0,850
"CHC",1,2003,2003-01-15,0,0,0,0,0,0,1200,23055,0,40055,0,24255,0,0,0,0,0,0
"CHS",1,2003,2003-01-15,0,0,0,0,0,0,50520,16080,23250,0,0,66600,0,0,0,0,0,0
"BA",1,2003,2003-01-15,144980,23400,3120,1000,42500,168380,54100,36800,0,63200,0,90900,45,0,0,0,0,45
"CHN",2,2003,2003-02-15,50000,0,0,0,0,50000,106010,10000,0,12620,0,116010,2070,150,0,150,0,2220
"CHC",2,2003,2003-02-15,0,0,0,0,0,0,2477,11805,0,20357,0,14282,0,0,0,0,0,0
"CHS",2,2003,2003-02-15,0,0,0,0,0,0,3220,1063,0,1350,0,4283,15,0,0,0,0,15
"BA",2,2003,2003-02-15,110460,14240,0,2950,38100,124700,28070,10480,0,41920,0,38550,35,0,0,0,0,35
"CHN",3,2003,2003-03-15,12500,0,0,0,0,12500,32350,11310,0,19285,0,43660,380,150,0,150,0,530
"CHC",3,2003,2003-03-15,20000,0,0,0,0,20000,22058,11805,0,0,0,33863,0,0,0,20077,0,0
"CHS",3,2003,2003-03-15,0,0,0,0,0,0,13120,1063,0,800,0,14183,0,0,0,0,0,0
"BA",3,2003,2003-03-15,110460,14240,0,0,38100,124700,28070,10480,0,0,0,38550,0,0,0,0,0,0
"CHN",4,2003,2003-04-15,25000,0,0,0,0,25000,61050,8300,4900,0,9510,69350,1010,150,0,150,0,1160
"CHC",4,2003,2003-04-15,3200,0,0,0,0,3200,51231,11782,0,0,11782,63013,0,0,0,0,0,0
"CHS",4,2003,2003-04-15,0,0,0,0,0,0,4700,0,0,0,0,4700,0,0,0,0,0,0
"BA",4,2003,2003-04-15,176800,3200,0,0,3200,180000,48500,2500,0,0,1500,51000,0,0,0,0,0,0
"CHN",5,2003,2003-05-15,30600,0,0,0,0,30600,86950,0,0,0,8950,86950,950,50,0,0,150,1000
"CHC",5,2003,2003-05-15,24000,0,0,0,0,24000,102530,0,0,0,0,102530,0,0,0,0,0,0
"CHS",5,2003,2003-05-15,0,0,0,0,0,0,10000,0,0,0,0,10000,8,0,0,0,0,8
"BA",5,2003,2003-05-15,112500,0,0,0,0,112500,35000,0,0,0,0,35000,0,0,0,0,0,0
"CHN",6,2003,2003-06-15,45000,0,0,0,0,45000,165000,0,0,0,0,165000,2800,0,0,0,0,2800
"CHC",6,2003,2003-06-15,0,0,0,0,0,0,102070,0,0,0,0,102070,51,0,0,0,0,51
"CHS",6,2003,2003-06-15,0,0,0,0,0,0,23000,0,0,0,0,23000,65,0,0,0,0,65
"BA",6,2003,2003-06-15,121500,0,0,0,0,121500,18800,0,0,0,0,18800,100,0,0,0,0,100
"CHN",7,2003,2003-07-15,35000,0,0,0,0,35000,177300,0,0,0,0,177300,210,90,0,0,0,300
"CHC",7,2003,2003-07-15,0,0,0,0,0,0,61775,0,0,0,0,61775,47,0,0,0,0,47
"CHS",7,2003,2003-07-15,0,0,0,0,0,0,53750,0,0,0,0,53750,206,0,0,0,0,206
"BA",7,2003,2003-07-15,130000,43875,1845,0,0,173875,35000,0,0,0,0,35000,100,0,0,0,0,100
"CHN",8,2003,2003-08-15,16450,1050,0,0,0,17500,105199,58078,0,0,0,163277,60,240,0,0,0,300
"CHC",8,2003,2003-08-15,0,0,0,0,0,0,61730,0,0,0,0,61730,37,0,0,0,0,37
"CHS",8,2003,2003-08-15,0,0,0,0,0,0,12500,0,0,0,0,12500,0,0,0,0,0,0
"BA",8,2003,2003-08-15,120000,60000,26250,1250,0,180000,35000,0,0,0,0,35000,100,0,0,0,0,100
"CHN",9,2003,2003-09-15,95760,10640,0,0,0,106400,112875,38125,0,0,0,151000,360,840,0,0,0,1200
"CHC",9,2003,2003-09-15,0,0,0,0,0,0,61524,0,0,0,0,61524,31,0,0,0,0,31
"CHS",9,2003,2003-09-15,0,0,0,0,0,0,15000,0,0,0,0,15000,20,0,0,0,0,20
"BA",9,2003,2003-09-15,55000,75000,1850,30000,0,130000,20000,0,0,0,0,20000,100,0,0,0,0,100
"CHN",10,2003,2003-10-15,115934,11466,573,0,0,127400,46645,2455,0,0,0,49100,180,120,0,0,0,300
"CHC",10,2003,2003-10-15,20000,0,0,0,0,20000,61786,0,0,0,0,61786,23,0,0,0,0,23
"CHS",10,2003,2003-10-15,0,0,0,0,0,0,13000,0,0,0,0,13000,25,0,0,0,0,25
"BA",10,2003,2003-10-15,35000,75000,0,30000,1250,110000,7000,0,0,0,0,7000,100,0,0,0,0,100
"CHN",11,2003,2003-11-15,21000,280,0,140,0,21280,93342,105250,10828,0,0,198592,240,60,0,0,0,300
"CHC",11,2003,2003-11-15,48000,0,0,0,0,48000,28840,24478,26995,0,0,53318,10,0,0,0,0,10
"CHS",11,2003,2003-11-15,0,0,0,0,0,0,30350,4650,5180,0,0,35000,16,0,0,0,0,16
"BA",11,2003,2003-11-15,40000,60000,0,7500,17500,100000,4100,0,0,0,0,4100,0,0,0,0,0,0
"CHN",12,2003,2003-12-15,10500,140,0,70,0,10640,121146,77454,36187,4020,0,198600,600,1400,840,0,0,2000
"CHC",12,2003,2003-12-15,0,0,0,0,0,0,8178,3502,42,3460,0,11680,27,0,0,0,0,27
"CHS",12,2003,2003-12-15,20000,0,0,0,0,20000,10500,72200,47970,5180,5180,82700,22,0,0,0,0,22
"BA",12,2003,2003-12-15,40000,51000,18750,8750,0,91000,5000,10000,5000,0,0,15000,0,0,0,0,0,0
"CHN",1,2004,2004-01-15,14000,140,0,0,70,14140,48770,540,0,1080,0,49310,250,0,0,0,0,250
"CHC",1,2004,2004-01-15,0,0,0,0,0,0,40730,800,800,0,0,41530,13,0,0,0,0,13
"CHS",1,2004,2004-01-15,0,0,0,0,0,0,2200,3200,0,3350,0,5400,15,0,0,1800,0,15
"BA",1,2004,2004-01-15,NA,NA,NA,NA,NA,NA,NA,NA,NA,NA,NA,NA,NA,NA,NA,NA,NA,NA
"CHN",2,2004,2004-02-15,700,0,0,0,0,700,80175,325,0,650,0,80500,2500,0,0,0,0,2500
"CHC",2,2004,2004-02-15,40000,0,0,0,0,40000,101510,796,696,0,0,102306,191,0,0,0,0,191
"CHS",2,2004,2004-02-15,0,0,0,0,0,0,3700,2200,0,4400,0,5900,55,0,0,0,0,55
"BA",2,2004,2004-02-15,78400,21000,3750,6250,0,99400,90000,5000,0,5000,0,95000,120,0,0,0,0,120
"CHN",3,2004,2004-03-15,30000,0,0,0,0,30000,106140,325,0,0,650,106465,650,0,0,0,0,650
"CHC",3,2004,2004-03-15,0,0,0,0,0,0,73590,796,0,796,0,74386,23,0,0,0,0,23
"CHS",3,2004,2004-03-15,0,0,0,0,0,0,29700,2200,0,4400,0,31900,60,0,0,0,0,60
"BA",3,2004,2004-03-15,44210,35790,5493,2500,8750,80000,40000,10000,0,0,5000,50000,120,0,0,0,0,120
"CHN",4,2004,2004-04-15,22400,0,0,0,0,22400,188500,12500,1875,0,0,201000,200,0,0,0,0,200
"CHC",4,2004,2004-04-15,2400,0,0,0,0,2400,131910,0,0,0,312,131910,23,0,0,0,0,23
"CHS",4,2004,2004-04-15,0,0,0,0,0,0,21350,0,0,0,0,21350,63,0,0,0,0,63
"BA",4,2004,2004-04-15,119000,6000,0,0,2500,125000,100000,0,0,0,0,100000,120,0,0,0,0,120
"CHN",5,2004,2004-05-15,54600,0,0,0,0,54600,55000,12500,5000,0,0,67500,200,0,0,0,0,200
"CHC",5,2004,2004-05-15,0,0,0,0,0,0,90895,15067,0,15067,0,105962,2,0,0,0,NA,2
"CHS",5,2004,2004-05-15,4000,0,0,0,0,4000,17500,0,4700,0,0,17500,0,0,0,0,0,0
"BA",5,2004,2004-05-15,200000,0,0,0,0,200000,125000,0,0,0,0,125000,120,0,0,0,0,120
"CHN",6,2004,2004-06-15,0,0,0,0,0,0,185000,2500,4100,150,0,187500,500,0,0,0,0,500
"CHC",6,2004,2004-06-15,113600,0,0,0,0,113600,142700,0,0,0,0,142700,0,0,0,0,0,0
"CHS",6,2004,2004-06-15,0,0,0,0,0,0,9500,0,0,520,0,9500,0,0,0,0,0,0
"BA",6,2004,2004-06-15,225000,0,0,0,0,225000,75000,0,0,0,0,75000,NA,100,0,0,0,100
"CHN",7,2004,2004-07-15,35000,7000,1400,180,0,42000,172525,113475,13460,310,0,286000,600,0,0,0,0,600
"CHC",7,2004,2004-07-15,200000,0,0,0,0,200000,183350,0,0,0,0,183350,71,0,0,0,0,71
"CHS",7,2004,2004-07-15,0,0,0,0,0,0,10200,0,0,496,0,10200,300,0,0,0,0,300
"BA",7,2004,2004-07-15,125000,2500,0,0,0,127500,50000,0,0,0,0,50000,0,0,0,0,0,0
"CHN",8,2004,2004-08-15,6960,400,210,140,0,7360,70025,113475,35370,23580,0,183500,0,0,0,0,0,0
"CHC",8,2004,2004-08-15,24000,12500,12500,0,0,36500,10790,18070,18070,0,0,28860,0,0,0,0,0,0
"CHS",8,2004,2004-08-15,NA,NA,NA,NA,NA,NA,NA,NA,NA,NA,NA,NA,NA,NA,NA,NA,NA,NA
"BA",8,2004,2004-08-15,NA,NA,NA,NA,NA,NA,NA,NA,NA,NA,NA,NA,NA,NA,NA,NA,NA,NA
"CHN",9,2004,2004-09-15,0,5000,250,600,0,5000,62500,37500,9375,12500,0,100000,100,0,0,0,0,100
"CHC",9,2004,2004-09-15,24000,14900,2400,12500,0,38900,50820,9104,6040,3064,0,59924,5,0,0,0,0,5
"CHS",9,2004,2004-09-15,NA,NA,NA,NA,NA,NA,NA,NA,NA,NA,NA,NA,NA,NA,NA,NA,NA,NA
"BA",9,2004,2004-09-15,0,150000,75000,0,0,150000,0,67550,40300,1420,0,67550,32,0,0,0,0,32
"CHN",10,2004,2004-10-15,5000,600,0,250,0,5600,50000,25700,9375,6250,0,75700,80,18,36,0,0,98
"CHC",10,2004,2004-10-15,27200,20500,5600,14900,0,47700,43510,15106,6006,9100,0,58616,119,400,400,400,0,519
"CHS",10,2004,2004-10-15,0,0,0,0,0,0,20970,48380,38070,0,45,69350,0,0,0,0,0,0
"BA",10,2004,2004-10-15,107000,28125,0,28125,0,135125,12500,106250,36255,18745,0,118750,0,0,0,0,0,0
"CHN",11,2004,2004-11-15,0,0,0,0,100,0,13550,37500,56250,0,6150,51050,50,0,0,0,0,50
"CHC",11,2004,2004-11-15,35304,20500,0,5000,14800,55804,42840,14043,4034,4531,5020,56883,368,33,0,33,0,401
"CHS",11,2004,2004-11-15,0,0,0,0,0,0,4000,50800,16200,22540,0,54800,0,0,0,0,0,0
"BA",11,2004,2004-11-15,105000,28125,28125,0,0,133125,0,105222,47300,10870,0,105222,0,0,0,0,0,0
"CHN",12,2004,2004-12-15,130,0,0,0,0,130,40800,24000,0,27000,150,64800,30,0,0,0,0,30
"CHC",12,2004,2004-12-15,NA,NA,NA,NA,NA,NA,NA,NA,NA,NA,NA,NA,NA,NA,NA,NA,NA,NA
"CHS",12,2004,2004-12-15,NA,NA,NA,NA,NA,NA,NA,NA,NA,NA,NA,NA,NA,NA,NA,NA,NA,NA
"BA",12,2004,2004-12-15,0,105000,0,18750,37500,105000,1600,9250,14550,37370,480,10850,0,0,0,0,0,0
"CHN",1,2005,2005-01-15,NA,NA,NA,NA,NA,NA,NA,NA,NA,NA,NA,NA,NA,NA,NA,NA,NA,NA
"CHC",1,2005,2005-01-15,NA,NA,NA,NA,NA,NA,NA,NA,NA,NA,NA,NA,NA,NA,NA,NA,NA,NA
"CHS",1,2005,2005-01-15,NA,NA,NA,NA,NA,NA,NA,NA,NA,NA,NA,NA,NA,NA,NA,NA,NA,NA
"BA",1,2005,2005-01-15,NA,NA,NA,NA,NA,NA,NA,NA,NA,NA,NA,NA,NA,NA,NA,NA,NA,NA
"CHN",2,2005,2005-02-15,NA,NA,NA,NA,NA,NA,NA,NA,NA,NA,NA,NA,NA,NA,NA,NA,NA,NA
"CHC",2,2005,2005-02-15,NA,NA,NA,NA,NA,NA,NA,NA,NA,NA,NA,NA,NA,NA,NA,NA,NA,NA
"CHS",2,2005,2005-02-15,NA,NA,NA,NA,NA,NA,NA,NA,NA,NA,NA,NA,NA,NA,NA,NA,NA,NA
"BA",2,2005,2005-02-15,NA,NA,NA,NA,NA,NA,NA,NA,NA,NA,NA,NA,NA,NA,NA,NA,NA,NA
"CHN",3,2005,2005-03-15,NA,NA,NA,NA,NA,NA,NA,NA,NA,NA,NA,NA,NA,NA,NA,NA,NA,NA
"CHC",3,2005,2005-03-15,NA,NA,NA,NA,NA,NA,NA,NA,NA,NA,NA,NA,NA,NA,NA,NA,NA,NA
"CHS",3,2005,2005-03-15,NA,NA,NA,NA,NA,NA,NA,NA,NA,NA,NA,NA,NA,NA,NA,NA,NA,NA
"BA",3,2005,2005-03-15,NA,NA,NA,NA,NA,NA,NA,NA,NA,NA,NA,NA,NA,NA,NA,NA,NA,NA
"CHN",4,2005,2005-04-15,NA,NA,NA,NA,NA,NA,NA,NA,NA,NA,NA,NA,NA,NA,NA,NA,NA,NA
"CHC",4,2005,2005-04-15,NA,NA,NA,NA,NA,NA,NA,NA,NA,NA,NA,NA,NA,NA,NA,NA,NA,NA
"CHS",4,2005,2005-04-15,NA,NA,NA,NA,NA,NA,NA,NA,NA,NA,NA,NA,NA,NA,NA,NA,NA,NA
"BA",4,2005,2005-04-15,NA,NA,NA,NA,NA,NA,NA,NA,NA,NA,NA,NA,NA,NA,NA,NA,NA,NA
"CHN",5,2005,2005-05-15,NA,NA,NA,NA,NA,NA,NA,NA,NA,NA,NA,NA,NA,NA,NA,NA,NA,NA
"CHC",5,2005,2005-05-15,NA,NA,NA,NA,NA,NA,NA,NA,NA,NA,NA,NA,NA,NA,NA,NA,NA,NA
"CHS",5,2005,2005-05-15,NA,NA,NA,NA,NA,NA,NA,NA,NA,NA,NA,NA,NA,NA,NA,NA,NA,NA
"BA",5,2005,2005-05-15,NA,NA,NA,NA,NA,NA,NA,NA,NA,NA,NA,NA,NA,NA,NA,NA,NA,NA
"CHN",6,2005,2005-06-15,NA,NA,NA,NA,NA,NA,NA,NA,NA,NA,NA,NA,NA,NA,NA,NA,NA,NA
"CHC",6,2005,2005-06-15,NA,NA,NA,NA,NA,NA,NA,NA,NA,NA,NA,NA,NA,NA,NA,NA,NA,NA
"CHS",6,2005,2005-06-15,NA,NA,NA,NA,NA,NA,NA,NA,NA,NA,NA,NA,NA,NA,NA,NA,NA,NA
"BA",6,2005,2005-06-15,NA,NA,NA,NA,NA,NA,NA,NA,NA,NA,NA,NA,NA,NA,NA,NA,NA,NA
"CHN",7,2005,2005-07-15,NA,NA,NA,NA,NA,NA,NA,NA,NA,NA,NA,NA,NA,NA,NA,NA,NA,NA
"CHC",7,2005,2005-07-15,NA,NA,NA,NA,NA,NA,NA,NA,NA,NA,NA,NA,NA,NA,NA,NA,NA,NA
"CHS",7,2005,2005-07-15,NA,NA,NA,NA,NA,NA,NA,NA,NA,NA,NA,NA,NA,NA,NA,NA,NA,NA
"BA",7,2005,2005-07-15,NA,NA,NA,NA,NA,NA,NA,NA,NA,NA,NA,NA,NA,NA,NA,NA,NA,NA
"CHN",8,2005,2005-08-15,NA,NA,NA,NA,NA,NA,NA,NA,NA,NA,NA,NA,NA,NA,NA,NA,NA,NA
"CHC",8,2005,2005-08-15,NA,NA,NA,NA,NA,NA,NA,NA,NA,NA,NA,NA,NA,NA,NA,NA,NA,NA
"CHS",8,2005,2005-08-15,NA,NA,NA,NA,NA,NA,NA,NA,NA,NA,NA,NA,NA,NA,NA,NA,NA,NA
"BA",8,2005,2005-08-15,NA,NA,NA,NA,NA,NA,NA,NA,NA,NA,NA,NA,NA,NA,NA,NA,NA,NA
"CHN",9,2005,2005-09-15,NA,NA,NA,NA,NA,NA,NA,NA,NA,NA,NA,NA,NA,NA,NA,NA,NA,NA
"CHC",9,2005,2005-09-15,NA,NA,NA,NA,NA,NA,NA,NA,NA,NA,NA,NA,NA,NA,NA,NA,NA,NA
"CHS",9,2005,2005-09-15,NA,NA,NA,NA,NA,NA,NA,NA,NA,NA,NA,NA,NA,NA,NA,NA,NA,NA
"BA",9,2005,2005-09-15,NA,NA,NA,NA,NA,NA,NA,NA,NA,NA,NA,NA,NA,NA,NA,NA,NA,NA
"CHN",10,2005,2005-10-15,NA,NA,NA,NA,NA,NA,NA,NA,NA,NA,NA,NA,NA,NA,NA,NA,NA,NA
"CHC",10,2005,2005-10-15,NA,NA,NA,NA,NA,NA,NA,NA,NA,NA,NA,NA,NA,NA,NA,NA,NA,NA
"CHS",10,2005,2005-10-15,NA,NA,NA,NA,NA,NA,NA,NA,NA,NA,NA,NA,NA,NA,NA,NA,NA,NA
"BA",10,2005,2005-10-15,NA,NA,NA,NA,NA,NA,NA,NA,NA,NA,NA,NA,NA,NA,NA,NA,NA,NA
"CHN",11,2005,2005-11-15,NA,NA,NA,NA,NA,NA,NA,NA,NA,NA,NA,NA,NA,NA,NA,NA,NA,NA
"CHC",11,2005,2005-11-15,NA,NA,NA,NA,NA,NA,NA,NA,NA,NA,NA,NA,NA,NA,NA,NA,NA,NA
"CHS",11,2005,2005-11-15,NA,NA,NA,NA,NA,NA,NA,NA,NA,NA,NA,NA,NA,NA,NA,NA,NA,NA
"BA",11,2005,2005-11-15,NA,NA,NA,NA,NA,NA,NA,NA,NA,NA,NA,NA,NA,NA,NA,NA,NA,NA
"CHN",12,2005,2005-12-15,NA,NA,NA,NA,NA,NA,NA,NA,NA,NA,NA,NA,NA,NA,NA,NA,NA,NA
"CHC",12,2005,2005-12-15,NA,NA,NA,NA,NA,NA,NA,NA,NA,NA,NA,NA,NA,NA,NA,NA,NA,NA
"CHS",12,2005,2005-12-15,NA,NA,NA,NA,NA,NA,NA,NA,NA,NA,NA,NA,NA,NA,NA,NA,NA,NA
"BA",12,2005,2005-12-15,NA,NA,NA,NA,NA,NA,NA,NA,NA,NA,NA,NA,NA,NA,NA,NA,NA,NA
"CHN",1,2006,2006-01-15,NA,NA,NA,NA,NA,NA,NA,NA,NA,NA,NA,NA,NA,NA,NA,NA,NA,NA
"CHC",1,2006,2006-01-15,2000,14000,0,2600,1400,16000,7650,4000,0,2700,0,11650,200,6000,0,3200,800,6200
"CHS",1,2006,2006-01-15,0,0,0,0,0,0,13550,76850,0,46050,0,90400,0,0,0,0,0,0
"BA",1,2006,2006-01-15,100150,75000,0,35000,8450,175150,67100,27000,0,16950,0,94100,60,600,0,400,0,660
"CHN",2,2006,2006-02-15,60,0,0,0,0,60,105000,62800,0,76300,32800,167800,90,0,0,0,40,90
"CHC",2,2006,2006-02-15,500,1750,0,300,200,2250,25830,2950,0,1250,110,28780,350,5550,0,2700,1000,5900
"CHS",2,2006,2006-02-15,NA,NA,NA,NA,NA,NA,NA,NA,NA,NA,NA,NA,NA,NA,NA,NA,NA,NA
"BA",2,2006,2006-02-15,160070,140000,0,59500,80650,300070,150540,355,0,280,320,150895,0,0,0,0,0,0
"CHN",3,2006,2006-03-15,1400,0,0,0,0,1400,150000,80000,0,0,59430,230000,570,0,0,0,0,570
"CHC",3,2006,2006-03-15,NA,NA,NA,NA,NA,NA,NA,NA,NA,NA,NA,NA,NA,NA,NA,NA,NA,NA
"CHS",3,2006,2006-03-15,NA,NA,NA,NA,NA,NA,NA,NA,NA,NA,NA,NA,NA,NA,NA,NA,NA,NA
"BA",3,2006,2006-03-15,160000,140000,0,0,0,300000,150500,0,0,0,0,150500,0,0,0,0,0,0
"CHN",4,2006,2006-04-15,4800,0,0,0,0,4800,212500,0,0,0,0,212500,0,0,0,0,0,0
"CHC",4,2006,2006-04-15,600,0,0,0,0,600,26800,0,0,0,0,26800,1000,0,0,0,0,1000
"CHS",4,2006,2006-04-15,0,0,0,0,0,0,125000,0,0,0,0,125000,0,0,0,0,0,0
"BA",4,2006,2006-04-15,170120,0,0,0,130050,170120,22300,0,0,0,1330,22300,0,0,0,0,0,0
"CHN",5,2006,2006-05-15,100000,0,0,0,0,100000,184020,0,0,0,0,184020,200,0,0,0,0,200
"CHC",5,2006,2006-05-15,0,0,0,0,0,0,31000,0,0,0,0,31000,0,0,0,0,0,0
"CHS",5,2006,2006-05-15,0,0,0,0,0,0,124500,0,0,0,0,124500,0,0,0,0,0,0
"BA",5,2006,2006-05-15,120,0,0,0,0,120,304400,0,0,0,0,304400,35006,0,0,0,0,35006
"CHN",6,2006,2006-06-15,50000,0,0,0,0,50000,184020,0,0,0,0,184020,320,0,0,0,0,320
"CHC",6,2006,2006-06-15,NA,NA,NA,NA,NA,NA,NA,NA,NA,NA,NA,NA,NA,NA,NA,NA,NA,NA
"CHS",6,2006,2006-06-15,NA,NA,NA,NA,NA,NA,NA,NA,NA,NA,NA,NA,NA,NA,NA,NA,NA,NA
"BA",6,2006,2006-06-15,300000,0,0,0,0,300000,51000,0,0,0,0,51000,7,0,0,0,0,7
"CHN",7,2006,2006-07-15,50000,0,0,0,0,50000,184020,0,0,0,0,184020,320,0,0,0,0,320
"CHC",7,2006,2006-07-15,0,0,0,0,0,0,4400,0,0,0,0,4400,0,0,0,0,NA,0
"CHS",7,2006,2006-07-15,0,0,0,0,0,0,77000,0,0,0,0,77000,0,0,0,NA,0,0
"BA",7,2006,2006-07-15,225000,150000,125000,0,0,375000,24800,0,0,0,0,24800,0,0,0,0,0,0
"CHN",8,2006,2006-08-15,3500,0,0,0,0,3500,83650,0,0,0,0,83650,300,0,0,0,0,300
"CHC",8,2006,2006-08-15,NA,NA,NA,NA,NA,NA,NA,NA,NA,NA,NA,NA,NA,NA,NA,NA,NA,NA
"CHS",8,2006,2006-08-15,NA,NA,NA,NA,NA,NA,NA,NA,NA,NA,NA,NA,NA,NA,NA,NA,NA,NA
"BA",8,2006,2006-08-15,150000,120000,700,139300,0,270000,9300,0,0,0,0,9300,0,0,0,0,0,0
"CHN",9,2006,2006-09-15,15000,0,0,0,0,15000,126200,0,0,0,0,126200,300,0,0,0,0,300
"CHC",9,2006,2006-09-15,NA,NA,NA,NA,NA,NA,NA,NA,NA,NA,NA,NA,NA,NA,NA,NA,NA,NA
"CHS",9,2006,2006-09-15,NA,NA,NA,NA,NA,NA,NA,NA,NA,NA,NA,NA,NA,NA,NA,NA,NA,NA
"BA",9,2006,2006-09-15,175000,120000,875,75000,0,295000,21700,0,0,0,0,21700,0,0,0,0,0,0
"CHN",10,2006,2006-10-15,44950,3450,1870,0,0,48400,100,0,0,0,0,100,120,0,0,0,0,120
"CHC",10,2006,2006-10-15,NA,NA,NA,NA,NA,NA,NA,NA,NA,NA,NA,NA,NA,NA,NA,NA,NA,NA
"CHS",10,2006,2006-10-15,NA,NA,NA,NA,NA,NA,NA,NA,NA,NA,NA,NA,NA,NA,NA,NA,NA,NA
"BA",10,2006,2006-10-15,225000,705000,0,37500,28125,930000,3250,11140,0,0,0,14390,850,0,0,0,0,850
"CHN",11,2006,2006-11-15,10000,1760,1760,0,0,11760,78,0,0,0,0,78,78,0,0,0,0,78
"CHC",11,2006,2006-11-15,NA,NA,NA,NA,NA,NA,NA,NA,NA,NA,NA,NA,NA,NA,NA,NA,NA,NA
"CHS",11,2006,2006-11-15,NA,NA,NA,NA,NA,NA,NA,NA,NA,NA,NA,NA,NA,NA,NA,NA,NA,NA
"BA",11,2006,2006-11-15,125000,75000,750,45750,0,200000,0,27930,64750,0,0,27930,249,600,0,600,0,849
"CHN",12,2006,2006-12-15,25120,0,0,0,0,25120,80000,1760,0,1760,0,81760,250,0,0,0,0,250
"CHC",12,2006,2006-12-15,NA,NA,NA,NA,NA,NA,NA,NA,NA,NA,NA,NA,NA,NA,NA,NA,NA,NA
"CHS",12,2006,2006-12-15,NA,NA,NA,NA,NA,NA,NA,NA,NA,NA,NA,NA,NA,NA,NA,NA,NA,NA
"BA",12,2006,2006-12-15,25000,75000,250,43400,0,100000,26000,27910,1150,27910,0,53910,210,600,0,400,0,810
"CHN",1,2007,2007-01-15,0,3750,3750,0,0,3750,420,1520,0,1520,0,1940,320,0,0,0,0,320
"CHC",1,2007,2007-01-15,NA,NA,NA,NA,NA,NA,NA,NA,NA,NA,NA,NA,NA,NA,NA,NA,NA,NA
"CHS",1,2007,2007-01-15,NA,NA,NA,NA,NA,NA,NA,NA,NA,NA,NA,NA,NA,NA,NA,NA,NA,NA
"BA",1,2007,2007-01-15,NA,NA,NA,NA,NA,NA,NA,NA,NA,NA,NA,NA,NA,NA,NA,NA,NA,NA
"CHN",2,2007,2007-02-15,1600,0,0,0,0,1600,153580,3020,0,0,0,156600,0,0,0,0,0,0
"CHC",2,2007,2007-02-15,NA,NA,NA,NA,NA,NA,NA,NA,NA,NA,NA,NA,NA,NA,NA,NA,NA,NA
"CHS",2,2007,2007-02-15,NA,NA,NA,NA,NA,NA,NA,NA,NA,NA,NA,NA,NA,NA,NA,NA,NA,NA
"BA",2,2007,2007-02-15,325000,60000,0,0,41000,385000,135000,20000,0,0,12000,155000,1000,200,0,0,100,1200
"CHN",3,2007,2007-03-15,0,0,0,0,0,0,7280,0,0,0,680,7280,630,0,0,0,0,630
"CHC",3,2007,2007-03-15,NA,NA,NA,NA,NA,NA,NA,NA,NA,NA,NA,NA,NA,NA,NA,NA,NA,NA
"CHS",3,2007,2007-03-15,NA,NA,NA,NA,NA,NA,NA,NA,NA,NA,NA,NA,NA,NA,NA,NA,NA,NA
"BA",3,2007,2007-03-15,0,0,0,0,0,0,0,0,0,0,0,0,0,0,0,0,0,0
"CHN",4,2007,2007-04-15,0,0,0,0,0,0,29680,0,0,0,0,29680,550,0,0,0,0,550
"CHC",4,2007,2007-04-15,50000,0,0,0,0,50000,208500,0,0,0,20100,208500,50,0,0,0,0,50
"CHS",4,2007,2007-04-15,NA,NA,NA,NA,NA,NA,NA,NA,NA,NA,NA,NA,NA,NA,NA,NA,NA,NA
"BA",4,2007,2007-04-15,NA,NA,NA,NA,NA,NA,NA,NA,NA,NA,NA,NA,NA,NA,NA,NA,NA,NA
"CHN",5,2007,2007-05-15,12500,0,0,0,0,12500,67120,0,0,0,0,67120,710,0,0,0,0,710
"CHC",5,2007,2007-05-15,0,0,0,0,0,0,75550,0,0,0,0,75550,120,0,0,0,0,120
"CHS",5,2007,2007-05-15,0,0,0,0,0,0,173500,0,0,0,0,173500,1000,0,0,0,0,1000
"BA",5,2007,2007-05-15,265000,0,0,0,0,265000,35400,0,0,0,0,35400,0,0,0,0,0,0
"CHN",6,2007,2007-06-15,50000,0,0,0,0,50000,104900,0,0,0,0,104900,650,0,0,0,0,650
"CHC",6,2007,2007-06-15,2000,0,0,0,0,2000,229600,0,0,0,0,229600,11,0,0,0,0,11
"CHS",6,2007,2007-06-15,NA,NA,NA,NA,NA,NA,NA,NA,NA,NA,NA,NA,NA,NA,NA,NA,NA,NA
"BA",6,2007,2007-06-15,138000,100000,0,0,0,238000,15100,0,0,0,0,15100,0,0,0,0,0,0
"CHN",7,2007,2007-07-15,0,0,0,0,0,0,80090,0,0,0,0,80090,52,0,0,0,0,52
"CHC",7,2007,2007-07-15,NA,NA,NA,NA,NA,NA,NA,NA,NA,NA,NA,NA,NA,NA,NA,NA,NA,NA
"CHS",7,2007,2007-07-15,NA,NA,NA,NA,NA,NA,NA,NA,NA,NA,NA,NA,NA,NA,NA,NA,NA,NA
"BA",7,2007,2007-07-15,100000,128000,0,0,0,228000,1250,0,0,0,0,1250,0,0,0,0,0,0
"CHN",8,2007,2007-08-15,0,0,0,0,0,0,75800,0,0,0,0,75800,300,0,0,0,0,300
"CHC",8,2007,2007-08-15,150000,0,0,0,0,150000,128750,0,0,0,0,128750,0,0,0,0,0,0
"CHS",8,2007,2007-08-15,NA,NA,NA,NA,NA,NA,NA,NA,NA,NA,NA,NA,NA,NA,NA,NA,NA,NA
"BA",8,2007,2007-08-15,90000,141000,0,0,0,231000,48600,0,0,0,0,48600,30,0,0,0,0,30
"CHN",9,2007,2007-09-15,700,0,0,0,0,700,80500,0,0,0,0,80500,300,0,0,0,0,300
"CHC",9,2007,2007-09-15,100000,0,0,0,0,100000,100000,0,0,0,0,100000,0,0,0,0,0,0
"CHS",9,2007,2007-09-15,NA,NA,NA,NA,NA,NA,NA,NA,NA,NA,NA,NA,NA,NA,NA,NA,NA,NA
"BA",9,2007,2007-09-15,70000,165000,0,0,0,235000,7950,0,0,0,0,7950,0,0,0,0,0,0
"CHN",10,2007,2007-10-15,700,0,0,0,0,700,119500,0,0,0,0,119500,300,0,0,0,0,300
"CHC",10,2007,2007-10-15,NA,NA,NA,NA,NA,NA,NA,NA,NA,NA,NA,NA,NA,NA,NA,NA,NA,NA
"CHS",10,2007,2007-10-15,NA,NA,NA,NA,NA,NA,NA,NA,NA,NA,NA,NA,NA,NA,NA,NA,NA,NA
"BA",10,2007,2007-10-15,130000,110000,0,0,0,240000,3000,8000,0,0,0,11000,50,500,0,0,0,550
"CHN",11,2007,2007-11-15,675,0,0,0,0,675,78500,83800,0,0,0,162300,230,0,0,0,0,230
"CHC",11,2007,2007-11-15,100000,30000,17500,0,0,130000,872,126600,78300,0,0,127472,150,0,0,0,0,150
"CHS",11,2007,2007-11-15,0,0,0,0,0,0,13100,83100,40900,0,0,96200,0,0,0,0,0,0
"BA",11,2007,2007-11-15,250000,30000,0,0,0,280000,15000,7000,0,0,0,22000,100,700,0,0,0,800
"CHN",12,2007,2007-12-15,NA,NA,NA,NA,NA,NA,NA,NA,NA,NA,NA,NA,NA,NA,NA,NA,NA,NA
"CHC",12,2007,2007-12-15,0,37500,0,21875,0,37500,15880,55150,0,33840,0,71030,201,200,200,0,0,401
"CHS",12,2007,2007-12-15,0,0,0,0,0,0,38450,108100,34800,34800,0,146550,0,0,0,0,0,0
"BA",12,2007,2007-12-15,255800,107500,0,0,0,363300,8100,2670,0,0,0,10770,670,2300,0,0,0,2970
"CHN",1,2008,2008-01-15,12000,600,0,0,0,12600,162647,33376,0,0,0,196023,1045,0,0,0,0,1045
"CHC",1,2008,2008-01-15,37855,50000,0,21000,0,87855,201,4350,0,33325,0,4551,36000,0,0,200,0,36000
"CHS",1,2008,2008-01-15,0,0,0,0,0,0,37500,100000,0,0,0,137500,0,0,0,0,0,0
"BA",1,2008,2008-01-15,110000,90000,55000,35000,0,200000,46330,2110,0,2110,0,48440,1350,750,0,750,0,2100
"CHN",2,2008,2008-02-15,0,0,0,0,0,0,111721,30952,30952,0,0,142673,705,0,0,0,0,705
"CHC",2,2008,2008-02-15,3000,36000,0,16625,4375,39000,113180,53940,0,30190,5000,167120,50,201,0,180,21,251
"CHS",2,2008,2008-02-15,0,0,0,0,0,0,11310,107780,0,63125,0,119090,0,0,0,0,0,0
"BA",2,2008,2008-02-15,38850,110000,0,0,0,148850,67540,750,0,0,0,68290,220,800,0,0,0,1020
"CHN",3,2008,2008-03-15,352,0,0,0,0,352,123062,0,0,0,0,123062,373,0,0,0,0,373
"CHC",3,2008,2008-03-15,3000,36000,0,4500,16500,39000,102325,47550,0,3500,26800,149875,30,200,0,45,30,230
"CHS",3,2008,2008-03-15,0,0,0,0,0,0,100000,60000,0,20000,40000,160000,0,0,0,0,0,0
"BA",3,2008,2008-03-15,150260,20000,0,0,0,170260,84000,0,0,0,0,84000,678,110,0,0,0,788
"CHN",4,2008,2008-04-15,228,0,0,0,0,228,165358,0,0,0,0,165358,614,0,0,0,0,614
"CHC",4,2008,2008-04-15,6250,0,0,0,0,6250,164826,0,0,0,0,164826,180,0,0,0,0,180
"CHS",4,2008,2008-04-15,NA,NA,NA,NA,NA,NA,NA,NA,NA,NA,NA,NA,NA,NA,NA,NA,NA,NA
"BA",4,2008,2008-04-15,200150,0,0,0,148000,200150,133230,0,0,0,8285,133230,475,0,0,0,21,475
"CHN",5,2008,2008-05-15,1142,0,0,0,0,1142,204739,0,0,0,0,204739,2050,0,0,0,0,2050
"CHC",5,2008,2008-05-15,25000,0,0,0,0,25000,164626,0,0,0,0,164626,160,0,0,0,0,160
"CHS",5,2008,2008-05-15,NA,NA,NA,NA,NA,NA,NA,NA,NA,NA,NA,NA,NA,NA,NA,NA,NA,NA
"BA",5,2008,2008-05-15,350100,0,0,0,0,350100,63900,0,0,0,0,63900,17,0,0,0,0,17
"CHN",6,2008,2008-06-15,408,0,0,0,0,408,104376,0,0,0,0,104376,71,0,0,0,0,71
"CHC",6,2008,2008-06-15,75000,0,0,0,0,75000,150540,0,0,0,0,150540,85,0,0,0,0,85
"CHS",6,2008,2008-06-15,0,0,0,0,0,0,120000,0,0,0,0,120000,200,0,0,0,0,200
"BA",6,2008,2008-06-15,300000,0,0,0,0,300000,47510,0,0,0,0,47510,0,0,0,0,0,0
"CHN",7,2008,2008-07-15,100280,0,0,0,0,100280,6219,0,0,0,0,6219,807,0,0,0,0,807
"CHC",7,2008,2008-07-15,25000,0,0,0,0,25000,25705,0,0,0,0,25705,40,0,0,0,0,40
"CHS",7,2008,2008-07-15,NA,NA,NA,NA,NA,NA,NA,NA,NA,NA,NA,NA,NA,NA,NA,NA,NA,NA
"BA",7,2008,2008-07-15,150000,0,0,0,0,150000,6150,0,0,0,0,6150,34,0,0,0,0,34
"CHN",8,2008,2008-08-15,80000,0,0,0,0,80000,42731,0,0,0,0,42731,825,0,0,0,0,825
"CHC",8,2008,2008-08-15,0,0,0,0,0,0,12500,0,0,0,0,12500,0,0,0,0,0,0
"CHS",8,2008,2008-08-15,NA,NA,NA,NA,NA,NA,NA,NA,NA,NA,NA,NA,NA,NA,NA,NA,NA,NA
"BA",8,2008,2008-08-15,70000,0,0,0,0,70000,19880,0,0,0,0,19880,153,0,0,0,0,153
"CHN",9,2008,2008-09-15,175000,0,0,0,0,175000,37738,0,0,0,0,37738,1169,0,0,0,0,1169
"CHC",9,2008,2008-09-15,2000,0,0,0,0,2000,64555,0,0,0,0,64555,12,0,0,0,0,12
"CHS",9,2008,2008-09-15,NA,NA,NA,NA,NA,NA,NA,NA,NA,NA,NA,NA,NA,NA,NA,NA,NA,NA
"BA",9,2008,2008-09-15,160000,0,0,0,0,160000,28555,0,0,0,0,28555,735,0,0,0,0,735
"CHN",10,2008,2008-10-15,200000,0,0,0,0,200000,161800,88200,8800,0,0,250000,1000,0,0,0,NA,1000
"CHC",10,2008,2008-10-15,20000,0,0,0,0,20000,36300,15870,21087,0,0,52170,100,600,0,0,0,700
"CHS",10,2008,2008-10-15,0,0,0,0,0,0,40000,30000,39375,0,0,70000,NA,0,0,0,0,0
"BA",10,2008,2008-10-15,140000,60000,0,0,0,200000,29000,8500,600,0,0,37500,500,600,0,0,0,1100
"CHN",11,2008,2008-11-15,50000,0,0,0,0,50000,66710,302875,189600,0,0,369585,2500,0,0,0,0,2500
"CHC",11,2008,2008-11-15,0,0,0,0,0,0,2300,4150,6225,0,0,6450,70,800,1463,0,0,870
"CHS",11,2008,2008-11-15,0,0,0,0,0,0,31800,40000,52500,0,0,71800,0,0,0,0,0,0
"BA",11,2008,2008-11-15,60000,80000,75000,0,0,140000,65508,36350,32150,0,0,101858,750,8100,4000,0,0,8850
"CHN",12,2008,2008-12-15,9100,900,300,0,0,10000,307600,122360,0,79630,0,429960,1500,0,0,0,0,1500
"CHC",12,2008,2008-12-15,10000,0,0,0,0,10000,20800,12000,2000,1200,0,32800,1050,450,0,0,0,1500
"CHS",12,2008,2008-12-15,NA,NA,NA,NA,NA,NA,NA,NA,NA,NA,NA,NA,NA,NA,NA,NA,NA,NA
"BA",12,2008,2008-12-15,158500,0,0,13000,6500,158500,201000,0,0,40000,26000,201000,21600,3200,0,3200,0,24800
"CHN",1,2009,2009-01-15,8000,0,0,0,0,8000,180300,150150,0,375300,0,330450,500,0,0,0,0,500
"CHC",1,2009,2009-01-15,72000,0,0,0,0,72000,162300,15860,0,31460,0,178160,0,0,0,620,0,0
"CHS",1,2009,2009-01-15,NA,NA,NA,NA,NA,NA,NA,NA,NA,NA,NA,NA,NA,NA,NA,NA,NA,NA
"BA",1,2009,2009-01-15,NA,NA,NA,NA,NA,NA,NA,NA,NA,NA,NA,NA,NA,NA,NA,NA,NA,NA
"CHN",2,2009,2009-02-15,NA,NA,NA,NA,NA,NA,NA,NA,NA,NA,NA,NA,NA,NA,NA,NA,NA,NA
"CHC",2,2009,2009-02-15,NA,NA,NA,NA,NA,NA,NA,NA,NA,NA,NA,NA,NA,NA,NA,NA,NA,NA
"CHS",2,2009,2009-02-15,NA,NA,NA,NA,NA,NA,NA,NA,NA,NA,NA,NA,NA,NA,NA,NA,NA,NA
"BA",2,2009,2009-02-15,NA,NA,NA,NA,NA,NA,NA,NA,NA,NA,NA,NA,NA,NA,NA,NA,NA,NA
"CHN",3,2009,2009-03-15,NA,NA,NA,NA,NA,NA,380000,NA,NA,NA,NA,380000,10000,NA,NA,NA,NA,10000
"CHC",3,2009,2009-03-15,NA,NA,NA,NA,NA,NA,NA,NA,NA,NA,NA,NA,NA,NA,NA,NA,NA,NA
"CHS",3,2009,2009-03-15,NA,NA,NA,NA,NA,NA,NA,NA,NA,NA,NA,NA,NA,NA,NA,NA,NA,NA
"BA",3,2009,2009-03-15,NA,NA,NA,NA,NA,NA,NA,NA,NA,NA,NA,NA,NA,NA,NA,NA,NA,NA
"CHN",4,2009,2009-04-15,NA,NA,NA,NA,NA,NA,250000,NA,NA,NA,NA,250000,20000,NA,NA,NA,NA,20000
"CHC",4,2009,2009-04-15,NA,NA,NA,NA,NA,NA,NA,NA,NA,NA,NA,NA,NA,NA,NA,NA,NA,NA
"CHS",4,2009,2009-04-15,NA,NA,NA,NA,NA,NA,NA,NA,NA,NA,NA,NA,NA,NA,NA,NA,NA,NA
"BA",4,2009,2009-04-15,NA,NA,NA,NA,NA,NA,NA,NA,NA,NA,NA,NA,NA,NA,NA,NA,NA,NA
"CHN",5,2009,2009-05-15,NA,NA,NA,NA,NA,NA,200000,NA,NA,NA,NA,200000,20000,NA,NA,NA,NA,20000
"CHC",5,2009,2009-05-15,NA,NA,NA,NA,NA,NA,NA,NA,NA,NA,NA,NA,NA,NA,NA,NA,NA,NA
"CHS",5,2009,2009-05-15,NA,NA,NA,NA,NA,NA,NA,NA,NA,NA,NA,NA,NA,NA,NA,NA,NA,NA
"BA",5,2009,2009-05-15,NA,NA,NA,NA,NA,NA,NA,NA,NA,NA,NA,NA,NA,NA,NA,NA,NA,NA
"CHN",6,2009,2009-06-15,NA,NA,NA,NA,NA,NA,NA,NA,NA,NA,NA,NA,NA,NA,NA,NA,NA,NA
"CHC",6,2009,2009-06-15,NA,NA,NA,NA,NA,NA,NA,NA,NA,NA,NA,NA,NA,NA,NA,NA,NA,NA
"CHS",6,2009,2009-06-15,NA,NA,NA,NA,NA,NA,NA,NA,NA,NA,NA,NA,NA,NA,NA,NA,NA,NA
"BA",6,2009,2009-06-15,NA,NA,NA,NA,NA,NA,NA,NA,NA,NA,NA,NA,NA,NA,NA,NA,NA,NA
"CHN",7,2009,2009-07-15,NA,NA,NA,NA,NA,NA,NA,NA,NA,NA,NA,NA,NA,NA,NA,NA,NA,NA
"CHC",7,2009,2009-07-15,NA,NA,NA,NA,NA,NA,NA,NA,NA,NA,NA,NA,NA,NA,NA,NA,NA,NA
"CHS",7,2009,2009-07-15,NA,NA,NA,NA,NA,NA,NA,NA,NA,NA,NA,NA,NA,NA,NA,NA,NA,NA
"BA",7,2009,2009-07-15,NA,NA,NA,NA,NA,NA,NA,NA,NA,NA,NA,NA,NA,NA,NA,NA,NA,NA
"CHN",8,2009,2009-08-15,NA,NA,NA,NA,NA,NA,NA,NA,NA,NA,NA,NA,NA,NA,NA,NA,NA,NA
"CHC",8,2009,2009-08-15,NA,NA,NA,NA,NA,NA,NA,NA,NA,NA,NA,NA,NA,NA,NA,NA,NA,NA
"CHS",8,2009,2009-08-15,NA,NA,NA,NA,NA,NA,NA,NA,NA,NA,NA,NA,NA,NA,NA,NA,NA,NA
"BA",8,2009,2009-08-15,NA,NA,NA,NA,NA,NA,NA,NA,NA,NA,NA,NA,NA,NA,NA,NA,NA,NA
"CHN",9,2009,2009-09-15,NA,NA,NA,NA,NA,NA,NA,NA,NA,NA,NA,NA,NA,NA,NA,NA,NA,NA
"CHC",9,2009,2009-09-15,NA,NA,NA,NA,NA,NA,NA,NA,NA,NA,NA,NA,NA,NA,NA,NA,NA,NA
"CHS",9,2009,2009-09-15,NA,NA,NA,NA,NA,NA,NA,NA,NA,NA,NA,NA,NA,NA,NA,NA,NA,NA
"BA",9,2009,2009-09-15,NA,NA,NA,NA,NA,NA,NA,NA,NA,NA,NA,NA,NA,NA,NA,NA,NA,NA
"CHN",10,2009,2009-10-15,40100,0,0,0,0,40100,142500,7500,4750,0,0,150000,500,0,0,0,0,500
"CHC",10,2009,2009-10-15,5000,0,2000,0,0,5000,70000,60000,60000,0,0,130000,8000,3000,3000,0,0,11000
"CHS",10,2009,2009-10-15,NA,NA,NA,NA,NA,NA,NA,NA,NA,NA,NA,NA,NA,NA,NA,NA,NA,NA
"BA",10,2009,2009-10-15,125000,106800,160000,0,0,231800,35000,70000,80000,0,0,105000,5000,20000,20000,0,0,25000
"CHN",11,2009,2009-11-15,8000,2000,900,0,0,10000,62500,45500,25000,200,0,108000,300,2000,0,0,0,2300
"CHC",11,2009,2009-11-15,100000,0,0,0,0,100000,108000,40000,40000,0,0,148000,1000,200,200,0,0,1200
"CHS",11,2009,2009-11-15,0,0,0,0,0,0,48000,40000,30000,0,0,88000,0,0,0,0,0,0
"BA",11,2009,2009-11-15,1600,120000,15000,105000,0,121600,50000,80000,80000,10000,0,130000,300,4000,4500,9000,0,4300
"CHN",12,2009,2009-12-15,125000,0,0,0,0,125000,141212,30000,0,0,0,171212,400,40,0,0,0,440
"CHC",12,2009,2009-12-15,200000,25000,0,0,0,225000,126200,30000,0,0,0,156200,700,0,0,0,0,700
"CHS",12,2009,2009-12-15,NA,NA,NA,NA,NA,NA,NA,NA,NA,NA,NA,NA,NA,NA,NA,NA,NA,NA
"BA",12,2009,2009-12-15,25000,60000,0,0,0,85000,80977,0,0,0,0,80977,1150,4250,0,0,0,5400
"CHN",1,2010,2010-01-15,75000,0,0,0,0,75000,137500,0,0,500,0,137500,450,0,0,100,0,450
"CHC",1,2010,2010-01-15,0,0,0,0,0,0,175000,0,0,0,0,175000,900,0,0,0,0,900
"CHS",1,2010,2010-01-15,0,0,0,0,0,0,6141,432,0,1124,0,6573,0,0,0,0,0,0
"BA",1,2010,2010-01-15,50000,60000,0,2500,35000,110000,55780,0,0,0,0,55780,1100,4000,0,2670,1330,5100
"CHN",2,2010,2010-02-15,0,0,0,0,0,0,30200,0,0,0,0,30200,480,0,0,0,0,480
"CHC",2,2010,2010-02-15,0,0,0,0,0,0,224182,0,0,0,5504,224182,992,0,0,0,618,992
"CHS",2,2010,2010-02-15,0,0,0,0,0,0,41172,400,0,660,1484,41572,0,0,0,0,0,0
"BA",2,2010,2010-02-15,40000,60000,0,0,62000,100000,92150,0,0,0,0,92150,2000,3100,0,0,3100,5100
"CHN",3,2010,2010-03-15,26200,0,0,0,0,26200,34950,0,0,0,0,34950,230,0,0,0,0,230
"CHC",3,2010,2010-03-15,0,0,0,0,0,0,100000,0,0,0,1935,100000,1935,0,0,0,0,1935
"CHS",3,2010,2010-03-15,0,0,0,0,0,0,6345,0,0,0,1200,6345,0,0,0,0,0,0
"BA",3,2010,2010-03-15,110000,0,0,0,42100,110000,55390,0,0,0,0,55390,1350,0,0,0,935,1350
"CHN",4,2010,2010-04-15,25000,0,0,0,0,25000,71150,0,0,0,0,71150,383,0,0,0,0,383
"CHC",4,2010,2010-04-15,0,0,0,0,0,0,57400,0,0,0,0,57400,0,0,0,0,0,0
"CHS",4,2010,2010-04-15,0,0,0,0,0,0,15790,0,0,0,0,15790,0,0,0,0,0,0
"BA",4,2010,2010-04-15,150000,0,0,0,0,150000,72688,0,0,0,0,72688,1688,0,0,0,0,1688
"CHN",5,2010,2010-05-15,25000,0,0,0,0,25000,96685,0,0,0,0,96685,610,0,0,0,0,610
"CHC",5,2010,2010-05-15,0,0,0,0,0,0,33750,0,0,0,0,33750,0,0,0,0,0,0
"CHS",5,2010,2010-05-15,0,0,0,0,0,0,15000,0,0,0,0,15000,0,0,0,0,0,0
"BA",5,2010,2010-05-15,150000,0,0,0,0,150000,52356,0,0,0,0,52356,10,0,0,0,0,10
"CHN",6,2010,2010-06-15,25000,0,0,0,0,25000,83706,0,0,0,0,83706,577,0,0,NA,0,577
"CHC",6,2010,2010-06-15,6355,0,0,0,0,6355,379233,0,0,0,0,379233,18,0,0,0,0,18
"CHS",6,2010,2010-06-15,0,0,0,0,0,0,50000,0,0,0,0,50000,0,0,0,0,0,0
"BA",6,2010,2010-06-15,175000,0,0,0,0,175000,45209,0,0,0,0,45209,250,0,0,0,0,250
"CHN",7,2010,2010-07-15,0,0,0,0,0,0,34904,0,0,0,0,34904,380,0,0,0,0,380
"CHC",7,2010,2010-07-15,126300,0,0,0,0,126300,188047,0,0,0,0,188047,12,0,0,0,0,12
"CHS",7,2010,2010-07-15,53460,0,0,0,0,53460,0,0,0,0,0,0,0,0,0,0,0,0
"BA",7,2010,2010-07-15,125000,0,0,0,0,125000,39102,0,0,0,0,39102,0,0,0,0,0,0
"CHN",8,2010,2010-08-15,1000,0,0,0,0,1000,110050,0,0,0,0,110050,250,0,0,0,0,250
"CHC",8,2010,2010-08-15,126034,0,0,0,0,126034,158154,0,0,0,0,158154,9,0,0,0,0,9
"CHS",8,2010,2010-08-15,0,0,0,0,0,0,155355,0,0,0,0,155355,0,0,0,0,0,0
"BA",8,2010,2010-08-15,200000,0,0,0,0,200000,50127,0,0,0,0,50127,20,0,0,0,0,20
"CHN",9,2010,2010-09-15,80000,0,0,0,0,80000,110250,0,0,0,0,110250,480,0,0,0,0,480
"CHC",9,2010,2010-09-15,0,0,0,0,0,0,50358,0,0,0,0,50358,48,0,0,0,0,48
"CHS",9,2010,2010-09-15,24429,0,0,0,0,24429,58662,0,0,0,0,58662,0,0,0,0,0,0
"BA",9,2010,2010-09-15,125125,60000,67500,0,0,185125,40627,0,0,0,0,40627,800,0,0,0,0,800
"CHN",10,2010,2010-10-15,105000,0,0,0,0,105000,63688,115000,57500,0,0,178688,675,0,0,0,0,675
"CHC",10,2010,2010-10-15,0,0,0,0,0,0,40470,10280,10280,0,0,50750,0,0,0,0,0,0
"CHS",10,2010,2010-10-15,17820,0,0,0,0,17820,65000,84295,84295,0,0,149295,0,0,0,0,0,0
"BA",10,2010,2010-10-15,25182,60000,22500,67500,0,85182,48121,7200,7200,374,0,55321,1600,1500,374,0,0,3100
"CHN",11,2010,2010-11-15,0,0,10210,0,0,0,34032,138000,138000,0,0,172032,1700,0,0,0,0,1700
"CHC",11,2010,2010-11-15,26330,0,21620,0,0,26330,101265,116619,116641,0,0,217884,0,0,0,0,0,0
"CHS",11,2010,2010-11-15,10210,0,0,0,0,10210,9800,40315,40105,0,0,50115,81,350,0,0,0,431
"BA",11,2010,2010-11-15,0,67500,0,67500,22500,67500,23255,39566,31225,0,0,62821,0,4005,3003,0,0,4005
"CHN",12,2010,2010-12-15,1000,300,0,0,0,1300,135650,46000,0,46000,0,181650,160,150,0,150,0,310
"CHC",12,2010,2010-12-15,0,0,0,0,0,0,200178,32704,32704,0,0,232882,0,0,0,0,0,0
"CHS",12,2010,2010-12-15,0,13098,0,0,0,13098,10022,15690,15690,0,0,25712,0,28,28,0,0,28
"BA",12,2010,2010-12-15,100130,60000,0,0,90000,160130,22433,26566,0,19135,0,48999,0,3000,0,2250,0,3000
"CHN",1,2011,2011-01-15,0,324,0,0,0,324,67354,45928,0,45928,0,113282,254,162,0,162,0,416
"CHC",1,2011,2011-01-15,0,0,0,0,0,0,39660,7971,0,7971,0,47631,9,0,0,0,0,9
"CHS",1,2011,2011-01-15,0,27538,0,0,27538,27538,130012,10314,0,0,0,140326,0,20,0,0,0,20
"BA",1,2011,2011-01-15,125400,60000,0,0,90000,185400,23255,25566,0,1835,0,48821,0,3000,0,2250,0,3000
"CHN",2,2011,2011-02-15,540,0,0,0,0,540,110140,45928,0,45928,0,156068,530,0,0,0,0,530
"CHC",2,2011,2011-02-15,0,0,0,0,0,0,125974,6897,0,6897,0,132871,0,0,0,0,0,0
"CHS",2,2011,2011-02-15,23680,0,0,0,0,23680,52720,0,0,0,0,52720,77,0,0,0,0,77
"BA",2,2011,2011-02-15,60000,48000,0,48000,0,108000,108782,0,0,0,0,108782,5001,0,0,0,0,5001
"CHN",3,2011,2011-03-15,10080,0,0,0,0,10080,209894,0,0,0,0,209894,362,0,0,0,0,362
"CHC",3,2011,2011-03-15,0,0,0,0,0,0,126845,0,0,0,0,126845,21,0,0,0,0,21
"CHS",3,2011,2011-03-15,21440,0,0,0,0,21440,67608,0,0,0,0,67608,17,0,0,0,0,17
"BA",3,2011,2011-03-15,60000,48000,0,48000,0,108000,168945,0,0,0,0,168945,3000,0,0,0,0,3000
"CHN",4,2011,2011-04-15,25020,0,0,0,0,25020,195295,0,0,0,0,195295,105,0,0,0,0,105
"CHC",4,2011,2011-04-15,0,0,0,0,0,0,31023,0,0,0,0,31023,0,0,0,0,0,0
"CHS",4,2011,2011-04-15,0,0,0,0,0,0,60102,0,0,0,0,60102,0,0,0,0,0,0
"BA",4,2011,2011-04-15,225000,18000,0,18000,0,243000,154183,0,0,0,0,154183,1000,0,0,0,0,1000
"CHN",5,2011,2011-05-15,0,0,0,0,0,0,26120,0,0,0,0,26120,0,0,0,0,0,0
"CHC",5,2011,2011-05-15,17393,0,0,0,0,17393,277979,0,0,0,0,277979,0,0,0,0,0,0
"CHS",5,2011,2011-05-15,0,0,0,0,0,0,68182,0,0,0,0,68182,0,0,0,0,0,0
"BA",5,2011,2011-05-15,331000,12000,0,12000,0,343000,59748,0,0,0,0,59748,50,0,0,0,0,50
"CHN",6,2011,2011-06-15,76240,0,0,0,0,76240,22450,0,0,0,0,22450,345,0,0,0,0,345
"CHC",6,2011,2011-06-15,44013,0,0,0,0,44013,184130,0,0,0,0,184130,0,0,0,0,0,0
"CHS",6,2011,2011-06-15,1000,0,0,0,0,1000,44640,0,0,0,0,44640,108,0,0,0,0,108
"BA",6,2011,2011-06-15,225000,0,0,0,0,225000,61041,0,0,0,0,61041,0,0,0,0,0,0
"CHN",7,2011,2011-07-15,25020,0,0,0,0,25020,167140,0,0,0,0,167140,150,0,0,0,0,150
"CHC",7,2011,2011-07-15,0,0,0,0,0,0,122119,0,0,0,0,122119,0,0,0,0,0,0
"CHS",7,2011,2011-07-15,25000,0,0,0,0,25000,82940,0,0,0,0,82940,10,0,0,0,0,10
"BA",7,2011,2011-07-15,140000,0,0,0,0,140000,60227,0,0,0,0,60227,20,0,0,0,0,20
"CHN",8,2011,2011-08-15,25020,0,0,0,0,25020,165150,0,0,0,0,165150,400,0,0,0,0,400
"CHC",8,2011,2011-08-15,0,0,0,0,0,0,23152,0,0,0,0,23152,0,0,0,0,0,0
"CHS",8,2011,2011-08-15,50000,0,0,0,0,50000,205700,0,0,0,0,205700,6,0,0,0,0,6
"BA",8,2011,2011-08-15,55000,96000,0,0,0,151000,62086,0,0,0,0,62086,0,0,0,0,0,0
"CHN",9,2011,2011-09-15,3240,0,0,0,0,3240,181150,0,0,0,0,181150,150,0,0,0,0,150
"CHC",9,2011,2011-09-15,0,0,0,0,0,0,24329,0,0,0,0,24329,0,0,0,0,0,0
"CHS",9,2011,2011-09-15,25000,30000,0,7500,0,55000,67908,75000,0,0,0,142908,0,0,0,0,0,0
"BA",9,2011,2011-09-15,13950,101182,34938,0,0,115132,66439,0,0,0,0,66439,200,0,0,0,0,200
"CHN",10,2011,2011-10-15,1000,0,0,0,0,1000,11040,126608,126608,0,0,137648,195,0,0,0,0,195
"CHC",10,2011,2011-10-15,11646,0,0,0,0,11646,0,14742,13777,0,0,14742,0,0,0,0,0,0
"CHS",10,2011,2011-10-15,25000,60000,52500,7500,0,85000,56614,180386,180000,0,0,237000,0,1824,1824,0,0,1824
"BA",10,2011,2011-10-15,5096,101182,0,101182,0,106278,30077,38351,4209,0,0,68428,200,0,0,0,0,200
"CHN",11,2011,2011-11-15,1000,0,0,0,0,1000,59540,64048,0,64048,0,123588,270,0,0,0,0,270
"CHC",11,2011,2011-11-15,0,0,0,0,0,0,142023,11844,5492,5703,0,153867,0,0,0,0,0,0
"CHS",11,2011,2011-11-15,0,37536,0,37536,0,37536,5152,182408,1728,180000,0,187560,0,2496,672,1824,0,2496
"BA",11,2011,2011-11-15,0,101182,0,101182,0,101182,30077,37592,2029,0,0,67669,600,0,0,0,0,600
"CHN",12,2011,2011-12-15,1000,0,0,0,0,1000,8000,33024,0,33024,0,41024,225,0,0,0,0,225
"CHC",12,2011,2011-12-15,0,0,0,0,0,0,512993,63116,46214,1496,0,576109,0,0,0,0,0,0
"CHS",12,2011,2011-12-15,8320,25824,0,25824,0,34144,7980,113270,0,113270,0,121250,790,4752,0,4752,0,5542
"BA",12,2011,2011-12-15,101990,101182,0,101182,0,203172,134389,35290,0,64746,0,169679,1113,1332,0,1332,0,2445
"CHN",1,2012,2012-01-15,0,0,0,0,0,0,41820,4000,0,4000,0,45820,70,0,0,0,0,70
"CHC",1,2012,2012-01-15,0,0,0,0,0,0,226612,23141,7199,1542,0,249753,0,0,0,0,0,0
"CHS",1,2012,2012-01-15,29440,0,0,0,0,29440,38380,60944,0,73118,0,99324,0,4320,0,6480,0,4320
"BA",1,2012,2012-01-15,103800,96132,96132,0,0,199932,174516,33290,0,62746,0,207806,2500,1332,0,1332,0,3832
"CHN",2,2012,2012-02-15,0,0,0,0,0,0,37520,0,0,0,0,37520,220,0,0,0,0,220
"CHC",2,2012,2012-02-15,0,0,0,0,0,0,209886,0,0,0,0,209886,360,0,0,0,0,360
"CHS",2,2012,2012-02-15,1920,0,0,0,0,1920,144890,22512,0,22512,0,167402,7430,144,0,144,0,7574
"BA",2,2012,2012-02-15,27910,96132,0,96132,0,124042,50521,30956,0,60412,0,81477,2500,1332,0,1332,0,3832
"CHN",3,2012,2012-03-15,0,0,0,0,0,0,108070,0,0,0,0,108070,430,0,0,0,0,430
"CHC",3,2012,2012-03-15,0,0,0,0,0,0,122982,0,0,0,0,122982,0,0,0,0,0,0
"CHS",3,2012,2012-03-15,640,0,0,0,0,640,192346,0,0,0,0,192346,284,0,0,0,0,284
"BA",3,2012,2012-03-15,235430,79870,0,79870,0,315300,124848,0,0,0,0,124848,3831,0,0,0,0,3831
"CHN",4,2012,2012-04-15,0,0,0,0,0,0,23260,0,0,0,0,23260,50,0,0,0,0,50
"CHC",4,2012,2012-04-15,2117,0,0,0,0,2117,232180,0,0,0,0,232180,0,0,0,0,0,0
"CHS",4,2012,2012-04-15,0,0,0,0,0,0,192468,0,0,0,0,192468,86,0,0,0,0,86
"BA",4,2012,2012-04-15,67350,71310,0,71310,0,138660,67118,0,0,0,0,67118,0,0,0,0,0,0
"CHN",5,2012,2012-05-15,50540,0,0,0,0,50540,27080,0,0,0,0,27080,350,0,0,0,0,350
"CHC",5,2012,2012-05-15,0,0,0,0,0,0,118799,0,0,0,0,118799,0,0,0,0,0,0
"CHS",5,2012,2012-05-15,0,0,0,0,0,0,68856,0,0,0,0,68856,0,0,0,0,0,0
"BA",5,2012,2012-05-15,127680,0,0,0,0,127680,44455,0,0,0,0,44455,0,0,0,0,0,0
"CHN",6,2012,2012-06-15,100580,0,0,0,0,100580,13020,0,0,0,0,13020,220,0,0,0,0,220
"CHC",6,2012,2012-06-15,0,0,0,0,0,0,24586,0,0,0,0,24586,0,0,0,0,0,0
"CHS",6,2012,2012-06-15,0,0,0,0,0,0,3978,0,0,0,0,3978,0,0,0,0,0,0
"BA",6,2012,2012-06-15,10200,0,0,0,0,10200,44455,0,0,0,0,44455,0,0,0,0,0,0
"CHN",7,2012,2012-07-15,500,0,0,0,0,500,42560,0,0,0,0,42560,220,0,0,0,0,220
"CHC",7,2012,2012-07-15,0,0,0,0,0,0,20177,0,0,0,0,20177,0,0,0,0,0,0
"CHS",7,2012,2012-07-15,66400,0,0,0,0,66400,198090,0,0,0,0,198090,0,0,0,0,0,0
"BA",7,2012,2012-07-15,249700,0,0,0,0,249700,66782,0,0,0,0,66782,0,0,0,0,0,0
"CHN",8,2012,2012-08-15,500,0,0,0,0,500,61020,0,0,0,0,61020,450,0,0,0,0,450
"CHC",8,2012,2012-08-15,0,0,0,0,0,0,19642,0,0,0,0,19642,0,0,0,0,0,0
"CHS",8,2012,2012-08-15,25120,0,0,0,0,25120,107156,0,0,0,0,107156,0,0,0,0,0,0
"BA",8,2012,2012-08-15,204060,0,0,0,0,204060,58135,0,0,0,0,58135,0,0,0,0,0,0
"CHN",9,2012,2012-09-15,100080,0,0,0,0,100080,211660,0,0,0,0,211660,550,0,0,0,0,550
"CHC",9,2012,2012-09-15,0,0,0,0,0,0,23005,0,0,0,0,23005,0,0,0,0,0,0
"CHS",9,2012,2012-09-15,5600,0,0,0,0,5600,24722,0,0,0,0,24722,12,0,0,0,0,12
"BA",9,2012,2012-09-15,4310,101744,101744,0,0,106054,62915,0,0,0,0,62915,0,0,0,0,0,0
"CHN",10,2012,2012-10-15,150120,0,0,0,0,150120,413320,0,0,0,0,413320,550,0,0,0,0,550
"CHC",10,2012,2012-10-15,0,0,0,0,0,0,15393,0,0,0,0,15393,13,0,0,0,0,13
"CHS",10,2012,2012-10-15,6240,0,0,0,0,6240,15970,0,0,0,0,15970,0,0,0,0,0,0
"BA",10,2012,2012-10-15,6660,105678,3384,102294,0,112338,67478,0,0,0,0,67478,0,0,0,0,0,0
"CHN",11,2012,2012-11-15,150120,0,0,0,0,150120,313240,180144,180144,0,0,493384,200,0,0,0,0,200
"CHC",11,2012,2012-11-15,0,0,0,0,0,0,6380,7721,4465,0,0,14101,0,0,0,0,0,0
"CHS",11,2012,2012-11-15,5120,1152,288,0,0,6272,5358,9414,0,0,0,14772,0,240,0,0,0,240
"BA",11,2012,2012-11-15,42800,94778,2878,89982,0,137578,57315,44942,13704,0,0,102257,0,0,0,0,0,0
"CHN",12,2012,2012-12-15,188100,65556,64245,1311,0,253656,122829,302184,208568,93616,0,425013,1241,0,0,0,0,1241
"CHC",12,2012,2012-12-15,0,0,0,0,0,0,24840,2268,4536,0,0,27108,0,0,0,0,0,0
"CHS",12,2012,2012-12-15,0,0,0,0,0,0,4842,250,385,0,0,5092,0,0,0,0,0,0
"BA",12,2012,2012-12-15,51350,65629,0,51873,0,116979,67263,11270,0,2552,0,78533,0,1458,802,0,0,1458
"CHN",1,2013,2013-01-15,50140,30024,0,30024,0,80164,63540,180144,0,180144,0,243684,250,0,0,0,0,250
"CHC",1,2013,2013-01-15,0,0,0,0,0,0,33318,0,0,0,0,33318,10,0,0,0,0,10
"CHS",1,2013,2013-01-15,0,0,0,0,0,0,5205,0,0,122,0,5205,0,0,0,0,0,0
"BA",1,2013,2013-01-15,192430,11505,0,11505,0,203935,48155,6470,0,6470,0,54625,60,870,652,0,0,930
"CHN",2,2013,2013-02-15,100180,30024,0,30024,0,130204,93060,180144,0,180144,0,273204,100,0,0,0,0,100
"CHC",2,2013,2013-02-15,0,0,0,0,0,0,22593,0,0,0,0,22593,0,0,0,0,0,0
"CHS",2,2013,2013-02-15,0,0,0,0,0,0,10339,0,0,0,0,10339,0,0,0,0,0,0
"BA",2,2013,2013-02-15,60700,1490,0,1330,0,62190,35600,5650,0,5650,0,41250,0,350,0,150,0,350
"CHN",3,2013,2013-03-15,75560,0,0,0,0,75560,422810,0,0,0,0,422810,80,0,0,0,0,80
"CHC",3,2013,2013-03-15,0,0,0,0,0,0,16788,0,0,0,0,16788,19,0,0,0,0,19
"CHS",3,2013,2013-03-15,0,0,0,0,0,0,4903,0,0,0,0,4903,0,0,0,0,0,0
"BA",3,2013,2013-03-15,97640,0,0,0,0,97640,38318,0,0,0,0,38318,0,160,0,80,0,160
"CHN",4,2013,2013-04-15,201160,0,0,0,0,201160,638480,0,0,0,0,638480,160,0,0,0,0,160
"CHC",4,2013,2013-04-15,0,0,0,0,0,0,13725,0,0,0,0,13725,35,0,0,0,0,35
"CHS",4,2013,2013-04-15,0,0,0,0,0,0,9991,0,0,0,0,9991,0,0,0,0,0,0
"BA",4,2013,2013-04-15,93830,0,0,0,0,93830,47510,0,0,0,0,47510,60,0,0,0,0,60
"CHN",5,2013,2013-05-15,150120,0,0,0,0,150120,267200,0,0,0,0,267200,120,0,0,0,0,120
"CHC",5,2013,2013-05-15,0,0,0,0,0,0,294086,0,0,0,0,294086,0,0,0,0,0,0
"CHS",5,2013,2013-05-15,0,0,0,0,0,0,11878,0,0,0,0,11878,0,0,0,0,0,0
"BA",5,2013,2013-05-15,154270,0,0,0,0,154270,52785,0,0,0,0,52785,40,0,0,0,0,40
"CHN",6,2013,2013-06-15,150120,0,0,0,0,150120,87060,0,0,0,0,87060,150,0,0,0,0,150
"CHC",6,2013,2013-06-15,0,0,0,0,0,0,472735,59076,59076,0,0,531811,0,0,0,0,0,0
"CHS",6,2013,2013-06-15,0,0,0,0,0,0,1731,0,0,0,0,1731,0,0,0,0,0,0
"BA",6,2013,2013-06-15,73300,61628,0,0,0,134928,53735,0,0,0,0,53735,20,0,0,0,0,20
"CHN",7,2013,2013-07-15,200160,0,0,0,0,200160,160620,0,0,0,0,160620,90,0,0,0,0,90
"CHC",7,2013,2013-07-15,0,0,0,0,0,0,331667,0,0,0,0,331667,0,0,0,0,0,0
"CHS",7,2013,2013-07-15,0,0,0,0,0,0,2280,0,0,0,0,2280,0,0,0,0,0,0
"BA",7,2013,2013-07-15,89290,76881,0,0,0,166171,48435,0,0,0,0,48435,10,0,0,0,0,10
"CHN",8,2013,2013-08-15,250200,0,0,0,0,250200,186140,0,0,0,0,186140,60,0,0,0,0,60
"CHC",8,2013,2013-08-15,0,0,0,0,0,0,347620,0,0,0,0,347620,0,0,0,0,0,0
"CHS",8,2013,2013-08-15,0,0,0,0,0,0,2909,0,0,0,0,2909,0,0,0,0,0,0
"BA",8,2013,2013-08-15,48600,85442,29904,0,0,134042,53565,5576,0,0,0,59141,0,0,0,0,0,0
"CHN",9,2013,2013-09-15,300240,0,0,0,0,300240,210280,0,0,0,0,210280,153,0,0,0,0,153
"CHC",9,2013,2013-09-15,0,0,0,0,0,0,393950,0,0,0,0,393950,0,0,0,0,0,0
"CHS",9,2013,2013-09-15,0,0,0,0,0,0,5465,0,0,0,0,5465,0,0,0,0,0,0
"BA",9,2013,2013-09-15,30730,86412,16698,69714,0,117142,70555,0,0,0,0,70555,0,0,0,0,0,0
"CHN",10,2013,2013-10-15,0,61992,30996,0,0,61992,15080,48060,24024,0,0,63140,90,0,0,0,0,90
"CHC",10,2013,2013-10-15,0,347754,0,0,0,347754,11299,378330,0,0,0,389629,633,0,0,0,0,633
"CHS",10,2013,2013-10-15,0,0,0,0,0,0,5271,29135,32881,0,0,34406,0,0,0,0,0,0
"BA",10,2013,2013-10-15,20070,84432,0,84432,0,104502,39096,19760,17283,0,0,58856,94,0,0,0,0,94
"CHN",11,2013,2013-11-15,36000,31320,15660,15660,0,67320,10698,30960,23221,7739,0,41658,161,0,0,0,0,161
"CHC",11,2013,2013-11-15,37008,38838,38838,0,0,75846,40080,370791,370791,0,0,410871,0,500,500,0,0,500
"CHS",11,2013,2013-11-15,0,0,0,0,0,0,1856,16232,42203,0,0,18088,0,0,0,0,0,0
"BA",11,2013,2013-11-15,39750,83820,0,83820,0,123570,40558,26413,26413,0,0,66971,60,120,120,0,0,180
"CHN",12,2013,2013-12-15,33408,30240,0,30240,0,63648,27160,23328,5832,23328,0,50488,424,0,0,0,0,424
"CHC",12,2013,2013-12-15,12336,23046,0,23046,0,35382,135670,328111,0,328111,0,463781,167,501,0,501,0,668
"CHS",12,2013,2013-12-15,0,0,0,0,0,0,2694,10713,0,12854,0,13407,0,0,0,0,0,0
"BA",12,2013,2013-12-15,184980,18000,0,18000,0,202980,44527,12668,0,12668,0,57195,0,471,352,117,0,471
"CHN",1,2014,2014-01-15,118480,22248,0,22248,0,140728,55790,21708,0,21708,0,77498,222,0,0,0,NA,222
"CHC",1,2014,2014-01-15,0,23046,0,23046,0,23046,0,328111,0,328111,0,328111,0,502,0,502,NA,502
"CHS",1,2014,2014-01-15,0,0,0,0,0,0,6613,8304,0,9548,0,14917,0,0,0,0,NA,0
"BA",1,2014,2014-01-15,104230,0,0,0,0,104230,50400,3760,0,3760,0,54160,0,258,0,258,NA,258
"CHN",2,2014,2014-02-15,115834,0,0,0,0,115834,117480,13500,0,8500,0,130980,500,0,0,0,0,500
"CHC",2,2014,2014-02-15,0,23046,0,23046,0,23046,70165,328111,0,318075,0,398276,0,501,0,501,0,501
"CHS",2,2014,2014-02-15,0,0,0,0,0,0,18800,0,0,0,0,18800,0,0,0,0,0,0
"BA",2,2014,2014-02-15,94230,0,0,0,0,94230,54870,0,0,0,0,54870,0,93,0,93,0,93
"CHN",3,2014,2014-03-15,360,0,0,0,0,360,172340,0,0,0,0,172340,590,0,0,0,0,590
"CHC",3,2014,2014-03-15,20570,0,0,0,0,20570,647181,0,0,0,0,647181,222,0,0,0,0,222
"CHS",3,2014,2014-03-15,0,0,0,0,0,0,28970,0,0,0,0,28970,0,0,0,0,0,0
"BA",3,2014,2014-03-15,185160,0,0,0,0,185160,40120,0,0,0,0,40120,90,0,0,0,0,90
"CHN",4,2014,2014-04-15,50600,0,0,0,0,50600,230720,0,0,0,0,230720,580,0,0,0,0,580
"CHC",4,2014,2014-04-15,0,0,0,0,0,0,297873,0,0,0,0,297873,0,0,0,0,0,0
"CHS",4,2014,2014-04-15,0,0,0,0,0,0,32977,0,0,0,0,32977,0,0,0,0,0,0
"BA",4,2014,2014-04-15,298320,0,0,0,0,298320,81135,0,0,0,0,81135,60,0,0,0,0,60
"CHN",5,2014,2014-05-15,154440,0,0,0,0,154440,61622,0,0,0,0,61622,243,0,0,0,0,243
"CHC",5,2014,2014-05-15,0,0,0,0,0,0,127876,0,0,0,0,127876,0,0,0,0,0,0
"CHS",5,2014,2014-05-15,0,0,0,0,0,0,15362,0,0,0,0,15362,23,0,0,0,0,23
"BA",5,2014,2014-05-15,91710,0,0,0,0,91710,47950,0,0,0,0,47950,0,0,0,0,0,0
"CHN",6,2014,2014-06-15,78270,0,0,0,0,78270,12455,0,0,0,0,12455,1325,0,0,0,0,1325
"CHC",6,2014,2014-06-15,1810,0,0,0,0,1810,39578,0,0,0,0,39578,0,0,0,0,0,0
"CHS",6,2014,2014-06-15,0,0,0,0,0,0,4130,0,0,0,0,4130,39,0,0,0,0,39
"BA",6,2014,2014-06-15,0,0,0,0,0,0,12480,0,0,0,0,12480,0,0,0,0,0,0
"CHN",7,2014,2014-07-15,8300,0,0,0,0,8300,3866,0,0,0,0,3866,841,0,0,0,0,841
"CHC",7,2014,2014-07-15,0,0,0,0,0,0,4290,0,0,0,0,4290,157,0,0,0,0,157
"CHS",7,2014,2014-07-15,0,0,0,0,0,0,708,0,0,0,0,708,0,0,0,0,0,0
"BA",7,2014,2014-07-15,0,0,0,0,0,0,1785,0,0,0,0,1785,0,0,0,0,0,0
"CHN",8,2014,2014-08-15,30240,0,0,0,0,30240,50614,0,0,0,0,50614,2005,0,0,0,0,2005
"CHC",8,2014,2014-08-15,0,0,0,0,0,0,329547,0,0,0,0,329547,0,0,0,0,0,0
"CHS",8,2014,2014-08-15,0,0,0,0,0,0,12117,0,0,0,0,12117,16,0,0,0,0,16
"BA",8,2014,2014-08-15,63270,0,0,0,0,63270,18435,0,0,0,0,18435,0,0,0,0,0,0
"CHN",9,2014,2014-09-15,34300,0,0,0,0,34300,83104,0,0,0,0,83104,2420,0,0,0,0,2420
"CHC",9,2014,2014-09-15,22080,0,0,0,0,22080,41922,0,0,0,0,41922,0,0,0,0,0,0
"CHS",9,2014,2014-09-15,0,0,0,0,0,0,4609,0,0,0,0,4609,18,0,0,0,0,18
"BA",9,2014,2014-09-15,128420,0,0,0,0,128420,19120,0,0,0,0,19120,0,0,0,0,0,0
"CHN",10,2014,2014-10-15,13200,7344,0,0,0,20544,24676,427356,0,0,0,452032,16620,0,0,0,0,16620
"CHC",10,2014,2014-10-15,0,65520,0,0,0,65520,0,32796,0,0,0,32796,0,0,0,0,0,0
"CHS",10,2014,2014-10-15,500,0,0,0,0,500,4485,15532,0,0,0,20017,122,0,0,0,0,122
"BA",10,2014,2014-10-15,123570,97656,122070,0,0,221226,14710,16541,3583,0,0,31251,0,0,0,0,0,0
"CHN",11,2014,2014-11-15,175100,61776,30888,0,0,236876,71364,288036,144018,0,0,359400,5218,0,0,0,0,5218
"CHC",11,2014,2014-11-15,0,1452,1452,0,0,1452,17990,8154,0,0,0,26144,86,0,0,0,0,86
"CHS",11,2014,2014-11-15,0,300,0,0,0,300,14194,12275,0,0,0,26469,220,0,0,0,0,220
"BA",11,2014,2014-11-15,34570,97560,93082,23094,0,132130,27337,3715,870,0,0,31052,360,120,90,0,0,480
"CHN",12,2014,2014-12-15,0,0,0,0,0,0,31666,22356,0,22356,0,54022,123,0,0,0,0,123
"CHC",12,2014,2014-12-15,4840,0,0,0,0,4840,131720,10110,0,0,0,141830,0,0,0,0,0,0
"CHS",12,2014,2014-12-15,0,0,0,0,0,0,3167,0,0,125,0,3167,26,0,0,0,0,26
"BA",12,2014,2014-12-15,28410,86556,86556,0,0,114966,16140,2190,0,4380,0,18330,60,80,0,80,0,140
"CHN",1,2015,2015-01-15,1500,0,0,0,0,1500,66250,21300,0,21300,0,87550,256,0,0,0,0,256
"CHC",1,2015,2015-01-15,0,0,0,0,0,0,102460,811,0,465,0,103271,0,0,0,0,0,0
"CHS",1,2015,2015-01-15,648,0,0,0,0,648,123838,0,0,0,0,123838,0,0,0,0,0,0
"BA",1,2015,2015-01-15,90730,50328,0,50328,0,141058,33960,2282,0,4564,0,36242,50,60,0,60,0,110
"CHN",2,2015,2015-02-15,39700,0,0,0,0,39700,94470,21195,0,0,0,115665,75,0,0,0,0,75
"CHC",2,2015,2015-02-15,0,0,0,0,0,0,194316,0,0,0,0,194316,0,0,0,0,0,0
"CHS",2,2015,2015-02-15,0,0,0,0,0,0,208285,0,0,0,0,208285,0,0,0,0,0,0
"BA",2,2015,2015-02-15,166410,29778,0,29778,0,196188,49255,886,0,960,0,50141,0,50,0,0,0,50
"CHN",3,2015,2015-03-15,20880,0,0,0,0,20880,158316,0,0,0,0,158316,107,0,0,0,0,107
"CHC",3,2015,2015-03-15,0,0,0,0,0,0,198504,0,0,0,0,198504,0,0,0,0,0,0
"CHS",3,2015,2015-03-15,0,0,0,0,0,0,30348,0,0,0,0,30348,0,0,0,0,0,0
"BA",3,2015,2015-03-15,176090,0,0,0,0,176090,22543,0,0,0,0,22543,50,0,0,0,0,50
"CHN",4,2015,2015-04-15,720,0,0,0,0,720,156034,0,0,0,0,156034,2318,0,0,0,0,2318
"CHC",4,2015,2015-04-15,0,0,0,0,0,0,39773,0,0,0,0,39773,0,0,0,0,0,0
"CHS",4,2015,2015-04-15,2176,0,0,0,0,2176,68427,768,614,0,0,69195,0,0,0,0,0,0
"BA",4,2015,2015-04-15,67350,0,0,0,0,67350,28965,0,0,0,0,28965,0,0,0,0,0,0
"CHN",5,2015,2015-05-15,103320,0,0,0,0,103320,134544,0,0,0,0,134544,146,0,0,0,0,146
"CHC",5,2015,2015-05-15,0,0,0,0,0,0,0,306656,0,0,0,306656,0,0,0,0,0,0
"CHS",5,2015,2015-05-15,0,0,0,0,0,0,56991,672,0,504,0,57663,0,0,0,0,0,0
"BA",5,2015,2015-05-15,192710,0,0,0,0,192710,79020,0,0,0,0,79020,130,0,0,0,0,130
"CHN",6,2015,2015-06-15,211980,0,0,0,0,211980,91206,0,0,0,0,91206,10614,0,0,0,0,10614
"CHC",6,2015,2015-06-15,0,0,0,0,0,0,12785,0,0,0,0,12785,0,0,0,0,0,0
"CHS",6,2015,2015-06-15,0,0,0,0,0,0,1878,0,0,0,0,1878,0,0,0,0,0,0
"BA",6,2015,2015-06-15,253960,0,0,0,0,253960,111560,0,0,0,0,111560,290,0,0,0,0,290
"CHN",7,2015,2015-07-15,186940,0,0,0,0,186940,31574,0,0,0,0,31574,424,0,0,0,0,424
"CHC",7,2015,2015-07-15,0,0,0,0,0,0,12785,0,0,0,0,12785,0,0,0,0,0,0
"CHS",7,2015,2015-07-15,0,0,0,0,0,0,1878,0,0,0,0,1878,0,0,0,0,0,0
"BA",7,2015,2015-07-15,105920,0,0,0,0,105920,9232,0,0,0,0,9232,55,0,0,0,0,55
"CHN",8,2015,2015-08-15,209880,0,0,0,0,209880,101408,0,0,0,0,101408,6068,0,0,0,0,6068
"CHC",8,2015,2015-08-15,0,0,0,0,0,0,138414,0,0,0,0,138414,0,0,0,0,0,0
"CHS",8,2015,2015-08-15,0,0,0,0,0,0,9845,0,0,0,0,9845,0,0,0,0,0,0
"BA",8,2015,2015-08-15,286030,0,0,0,0,286030,84610,0,0,0,0,84610,60,0,0,0,0,60
"CHN",9,2015,2015-09-15,176270,0,0,0,0,176270,173174,0,0,0,0,173174,1675,0,0,0,0,1675
"CHC",9,2015,2015-09-15,0,0,0,0,0,0,91195,0,0,0,0,91195,0,0,0,0,0,0
"CHS",9,2015,2015-09-15,0,0,0,0,0,0,6747,0,0,0,0,6747,0,0,0,0,0,0
"BA",9,2015,2015-09-15,11800,42384,0,0,0,54184,11915,1881,0,0,0,13796,80,0,0,0,0,80
"CHN",10,2015,2015-10-15,63160,120000,0,0,0,183160,100704,10044,5022,0,0,110748,530,0,0,0,0,530
"CHC",10,2015,2015-10-15,0,0,0,0,0,0,11471,0,0,0,0,11471,0,0,0,0,0,0
"CHS",10,2015,2015-10-15,28800,0,0,0,0,28800,3434,104782,116622,0,0,108216,2070,0,0,0,0,2070
"BA",10,2015,2015-10-15,72910,99114,123892,0,0,172024,21490,3411,3410,0,0,24901,0,987,739,0,0,987
"CHN",11,2015,2015-11-15,0,0,0,0,0,0,30352,0,0,0,0,30352,47,0,0,0,0,47
"CHC",11,2015,2015-11-15,6048,0,0,0,0,6048,87860,10510,0,0,0,98370,0,0,0,0,0,0
"CHS",11,2015,2015-11-15,4352,0,0,0,0,4352,107413,11157,14289,0,0,118570,0,864,1036,0,0,864
"BA",11,2015,2015-11-15,78300,64800,25000,56000,0,143100,38705,0,0,0,0,38705,0,705,528,0,0,705
"CHN",12,2015,2015-12-15,2460,0,0,0,0,2460,24718,0,0,0,0,24718,446,0,0,0,0,446
"CHC",12,2015,2015-12-15,0,16698,0,0,0,16698,63972,149826,149826,0,0,213798,0,0,0,0,0,0
"CHS",12,2015,2015-12-15,0,0,0,0,0,0,2190,33840,38070,4608,0,36030,0,195,0,174,0,195
"BA",12,2015,2015-12-15,28210,59172,0,73965,0,87382,34785,0,0,0,0,34785,2034,840,0,630,0,2874
"CHN",1,2016,2016-01-15,180400,0,0,0,0,180400,116334,0,0,0,0,116334,1300,0,0,0,0,1300
"CHC",1,2016,2016-01-15,4352,0,0,0,0,4352,37098,0,0,0,0,37098,0,0,0,0,0,0
"CHS",1,2016,2016-01-15,0,0,0,0,0,0,928,2502,0,3000,0,3430,0,150,0,140,0,150
"BA",1,2016,2016-01-15,22030,59160,0,73950,0,81190,116760,0,0,0,0,116760,175,840,0,630,0,1015
"CHN",2,2016,2016-02-15,189360,0,0,0,0,189360,113144,0,0,0,0,113144,2748,0,0,0,0,2748
"CHC",2,2016,2016-02-15,95576,0,0,0,0,95576,162642,0,0,0,0,162642,0,0,0,0,0,0
"CHS",2,2016,2016-02-15,0,0,0,0,0,0,23703,2496,0,2995,0,26199,0,150,0,136,0,150
"BA",2,2016,2016-02-15,293600,47100,0,58875,0,340700,47671,0,0,0,0,47671,70,330,0,247,0,400
"CHN",3,2016,2016-03-15,137050,0,0,0,0,137050,36744,0,0,0,0,36744,983,0,0,0,0,983
"CHC",3,2016,2016-03-15,0,0,0,0,0,0,14527,0,0,0,0,14527,0,0,0,0,0,0
"CHS",3,2016,2016-03-15,0,0,0,0,0,0,23665,0,0,0,0,23665,148,0,0,0,0,148
"BA",3,2016,2016-03-15,74660,7008,0,8760,0,81668,13805,0,0,0,0,13805,25,90,0,68,0,115
"CHN",4,2016,2016-04-15,80000,0,0,0,0,80000,64538,0,0,0,0,64538,555,0,0,0,0,555
"CHC",4,2016,2016-04-15,0,0,0,0,0,0,16482,0,0,0,0,16482,0,0,0,0,0,0
"CHS",4,2016,2016-04-15,0,0,0,0,0,0,41386,0,0,0,0,41386,0,0,0,0,0,0
"BA",4,2016,2016-04-15,41400,0,0,0,0,41400,20495,0,0,0,0,20495,45,0,0,0,0,45
"CHN",5,2016,2016-05-15,3600,0,0,0,0,3600,127472,0,0,0,0,127472,1926,0,0,0,0,1926
"CHC",5,2016,2016-05-15,0,0,0,0,0,0,30601,0,0,0,0,30601,0,0,0,0,0,0
"CHS",5,2016,2016-05-15,2720,0,0,0,0,2720,55956,0,0,0,0,55956,0,0,0,0,0,0
"BA",5,2016,2016-05-15,52335,0,0,0,0,52335,50175,0,0,0,0,50175,175,0,0,0,0,175
"CHN",6,2016,2016-06-15,17760,0,0,0,0,17760,115450,0,0,0,0,115450,1380,0,0,0,0,1380
"CHC",6,2016,2016-06-15,0,0,0,0,0,0,221538,0,0,0,0,221538,0,0,0,0,0,0
"CHS",6,2016,2016-06-15,0,0,0,0,0,0,21942,0,0,0,0,21942,0,0,0,0,0,0
"BA",6,2016,2016-06-15,192230,0,0,0,0,192230,67870,0,0,0,0,67870,210,0,0,0,0,210
"CHN",7,2016,2016-07-15,84600,0,0,0,0,84600,515000,0,0,0,0,515000,470,0,0,0,0,470
"CHC",7,2016,2016-07-15,0,0,0,0,0,0,11515,84846,65833,0,0,96361,0,0,0,0,0,0
"CHS",7,2016,2016-07-15,0,0,0,0,0,0,25215,0,0,0,0,25215,0,0,0,0,0,0
"BA",7,2016,2016-07-15,81536,186090,0,0,0,267626,17616,1505,0,0,0,19121,90,0,0,0,0,90
"CHN",8,2016,2016-08-15,66240,0,0,0,0,66240,323432,0,0,0,0,323432,1197,0,0,0,0,1197
"CHC",8,2016,2016-08-15,11463,0,0,0,0,11463,77586,0,0,0,0,77586,0,0,0,0,0,0
"CHS",8,2016,2016-08-15,3072,0,0,0,0,3072,64817,0,0,0,0,64817,0,0,0,0,0,0
"BA",8,2016,2016-08-15,93840,107016,93639,0,0,200856,21000,4257,3192,0,0,25257,155,0,0,0,0,155
"CHN",9,2016,2016-09-15,70410,0,0,0,0,70410,157750,0,0,0,0,157750,1752,0,0,0,0,1752
"CHC",9,2016,2016-09-15,0,0,0,0,0,0,15926,5625,0,5625,0,21551,0,0,0,0,0,0
"CHS",9,2016,2016-09-15,7168,0,0,0,0,7168,102001,0,0,0,0,102001,92,0,0,0,0,92
"BA",9,2016,2016-09-15,126690,106782,0,93434,0,233472,57464,508,0,381,0,57972,270,0,0,0,0,270
"CHN",10,2016,2016-10-15,17400,0,0,0,0,17400,312270,0,0,0,0,312270,2560,0,0,0,0,2560
"CHC",10,2016,2016-10-15,18150,0,0,0,0,18150,22321,1724,0,1724,0,24045,745,0,0,0,0,745
"CHS",10,2016,2016-10-15,78336,23840,33408,0,0,102176,136907,73494,95542,0,0,210401,226,0,0,0,0,226
"BA",10,2016,2016-10-15,50880,106752,93408,0,0,157632,89028,2575,4920,495,0,91603,0,12513,0,0,0,12513
"CHN",11,2016,2016-11-15,45,0,0,0,0,45,18240,32724,32724,0,0,50964,81,0,0,0,0,81
"CHC",11,2016,2016-11-15,0,96498,37813,0,0,96498,29288,24685,1089,0,0,53973,0,0,0,0,0,0
"CHS",11,2016,2016-11-15,0,33780,7971,35971,0,33780,3168,116064,162489,0,0,119232,153,0,0,0,0,153
"BA",11,2016,2016-11-15,20103,101880,0,89145,0,121983,15330,16711,584,6089,0,32041,28,474,315,0,0,502
"CHN",12,2016,2016-12-15,165,0,0,0,0,165,29640,21816,0,21816,0,51456,10,0,0,0,0,10
"CHC",12,2016,2016-12-15,0,16488,0,1816,0,16488,7605,39205,0,0,0,46810,0,0,0,0,0,0
"CHS",12,2016,2016-12-15,0,29508,0,30359,0,29508,3646,102936,0,128670,0,106582,46,0,0,0,0,46
"BA",12,2016,2016-12-15,5700,88014,61610,0,0,93714,45155,13025,0,8673,0,58180,30,636,415,0,0,666
"CHN",1,2017,2017-01-15,0,0,0,0,0,0,40750,19116,0,19116,0,59866,143,0,0,0,0,143
"CHC",1,2017,2017-01-15,1452,0,0,0,0,1452,47786,908,0,908,0,48694,0,0,0,0,0,0
"CHS",1,2017,2017-01-15,10400,19680,0,25583,0,30080,28738,96480,0,120600,0,125218,0,0,0,0,0,0
"BA",1,2017,2017-01-15,17424,87354,0,61148,0,104778,85334,8337,0,6659,0,93671,0,494,0,321,0,494
"CHN",2,2017,2017-02-15,120,0,0,0,0,120,51000,14875,0,14875,0,65875,35,0,0,0,0,35
"CHC",2,2017,2017-02-15,908,0,0,0,0,908,37313,817,817,0,0,38130,0,0,0,0,0,0
"CHS",2,2017,2017-02-15,0,5856,0,7320,0,5856,19400,70512,0,84614,0,89912,43,0,0,0,0,43
"BA",2,2017,2017-02-15,49080,22296,0,15607,0,71376,28980,48,0,31,0,29028,0,480,0,312,0,480
"CHN",3,2017,2017-03-15,4680,0,0,0,0,4680,61680,0,0,0,0,61680,42,0,0,0,0,42
"CHC",3,2017,2017-03-15,1059,0,0,0,0,1059,31008,0,0,0,0,31008,0,0,0,0,0,0
"CHS",3,2017,2017-03-15,0,0,0,0,0,0,52830,0,0,0,0,52830,38,0,0,0,0,38
"BA",3,2017,2017-03-15,3999,0,0,0,0,3999,41982,0,0,0,0,41982,142,0,0,0,0,142
"CHN",4,2017,2017-04-15,21600,0,0,0,0,21600,93170,0,0,0,0,93170,170,0,0,0,0,170
"CHC",4,2017,2017-04-15,0,0,0,0,0,0,25212,0,0,0,0,25212,0,0,0,0,0,0
"CHS",4,2017,2017-04-15,0,0,0,0,0,0,76355,0,0,0,0,76355,0,0,0,0,0,0
"BA",4,2017,2017-04-15,28424,0,0,0,0,28424,38710,0,0,0,0,38710,207,0,0,0,0,207
"CHN",5,2017,2017-05-15,5760,0,0,0,0,5760,158740,0,0,0,0,158740,350,0,0,0,0,350
"CHC",5,2017,2017-05-15,0,0,0,0,0,0,12750,0,0,0,0,12750,0,0,0,0,0,0
"CHS",5,2017,2017-05-15,0,0,0,0,0,0,14176,0,0,0,0,14176,0,0,0,0,0,0
"BA",5,2017,2017-05-15,86710,0,0,0,0,86710,61176,0,0,0,0,61176,30,0,0,0,0,30
"CHN",6,2017,2017-06-15,14400,0,0,0,0,14400,23302,0,0,0,0,23302,140,0,0,0,0,140
"CHC",6,2017,2017-06-15,0,0,0,0,0,0,16225,0,0,0,0,16225,0,0,0,0,0,0
"CHS",6,2017,2017-06-15,0,0,0,0,0,0,11763,0,0,0,0,11763,0,0,0,0,0,0
"BA",6,2017,2017-06-15,164892,0,0,0,0,164892,62576,0,0,0,0,62576,16,0,0,0,0,16
"CHN",7,2017,2017-07-15,316080,0,0,0,0,316080,19770,0,0,0,0,19770,270,0,0,0,0,270
"CHC",7,2017,2017-07-15,8925,0,0,0,0,8925,7600,44770,0,0,0,52370,0,0,0,0,0,0
"CHS",7,2017,2017-07-15,256,0,0,0,0,256,179540,0,0,0,0,179540,0,0,0,0,0,0
"BA",7,2017,2017-07-15,75451,82355,0,0,0,157806,81920,0,0,0,0,81920,15,0,0,0,0,15
"CHN",8,2017,2017-08-15,38520,0,0,0,0,38520,54763,0,0,0,0,54763,1048,0,0,0,0,1048
"CHC",8,2017,2017-08-15,1210,0,0,0,0,1210,14053,0,0,0,0,14053,0,0,0,0,0,0
"CHS",8,2017,2017-08-15,0,0,0,0,0,0,116189,0,0,0,0,116189,0,0,0,0,0,0
"BA",8,2017,2017-08-15,143237,0,0,0,0,143237,68553,0,0,0,0,68553,81,0,0,0,0,81
"CHN",9,2017,2017-09-15,221040,0,0,0,0,221040,127391,0,0,0,0,127391,1540,0,0,0,0,1540
"CHC",9,2017,2017-09-15,1362,0,0,0,0,1362,7700,17091,0,0,0,24791,500,0,0,0,0,500
"CHS",9,2017,2017-09-15,5760,0,0,0,0,5760,37071,0,0,0,0,37071,0,0,0,0,0,0
"BA",9,2017,2017-09-15,259425,0,0,0,0,259425,127412,0,0,0,0,127412,126,0,0,0,0,126
"CHN",10,2017,2017-10-15,236520,50112,12528,0,0,286632,148807,136512,136512,0,0,285319,6303,0,0,0,0,6303
"CHC",10,2017,2017-10-15,5143,0,0,0,0,5143,1966,29934,13704,0,0,31900,200,0,0,0,0,200
"CHS",10,2017,2017-10-15,0,0,0,0,0,0,13546,0,0,0,0,13546,65,0,0,0,0,65
"BA",10,2017,2017-10-15,118722,93863,89170,0,0,212585,56274,62649,10099,0,0,118923,628,0,0,0,0,628
"CHN",11,2017,2017-11-15,10800,46008,0,46800,0,56808,57219,25200,0,25200,0,82419,296,0,0,0,0,296
"CHC",11,2017,2017-11-15,25108,0,0,0,0,25108,129773,10151,454,9697,0,139924,250,0,0,0,0,250
"CHS",11,2017,2017-11-15,0,0,0,0,0,0,6592,0,0,0,0,6592,0,0,0,0,0,0
"BA",11,2017,2017-11-15,129327,190782,65903,109269,0,320109,86903,11547,2150,6928,0,98450,115,0,0,0,0,115
"CHN",12,2017,2017-12-15,5760,35208,0,35208,0,40968,71498,6748,0,6748,0,78246,1293,0,0,0,0,1293
"CHC",12,2017,2017-12-15,0,144746,0,0,0,144746,6500,136579,26681,0,0,143079,0,2178,0,0,0,2178
"CHS",12,2017,2017-12-15,0,0,0,0,0,0,26482,0,0,0,0,26482,39,0,0,0,0,39
"BA",12,2017,2017-12-15,112886,104786,10928,83953,0,217672,91544,30950,10350,16310,0,122494,287,0,0,0,0,287
"CHN",1,2018,2018-01-15,27360,39528,0,39528,0,66888,196969,6048,0,6048,0,203017,346,0,0,0,0,346
"CHC",1,2018,2018-01-15,726,0,0,0,0,726,18917,0,0,0,0,18917,166,0,0,0,0,166
"CHS",1,2018,2018-01-15,0,0,0,0,0,0,9125,0,0,0,0,9125,0,0,0,0,0,0
"BA",1,2018,2018-01-15,48676,95795,0,86214,0,144471,86196,29660,0,26660,0,115856,0,63,38,0,0,63
"CHN",2,2018,2018-02-15,170640,0,0,0,0,170640,87048,0,0,0,0,87048,162,0,0,0,0,162
"CHC",2,2018,2018-02-15,1513,0,0,0,0,1513,205201,0,0,0,0,205201,0,0,0,0,0,0
"CHS",2,2018,2018-02-15,0,0,0,0,0,0,28764,0,0,0,0,28764,0,0,0,0,0,0
"BA",2,2018,2018-02-15,209507,0,0,0,0,209507,109397,21440,0,17810,0,130837,15,0,0,0,0,15
"CHN",3,2018,2018-03-15,3960,0,0,0,0,3960,41478,0,0,0,0,41478,40,0,0,0,0,40
"CHC",3,2018,2018-03-15,17545,0,0,0,0,17545,83345,0,0,0,0,83345,0,0,0,0,0,0
"CHS",3,2018,2018-03-15,0,0,0,0,0,0,60517,0,0,0,0,60517,0,0,0,0,0,0
"BA",3,2018,2018-03-15,135185,0,0,0,0,135185,109429,6440,0,5320,0,115869,0,0,0,0,0,0
"CHN",4,2018,2018-04-15,0,0,0,0,0,0,145881,0,0,0,0,145881,216,0,0,0,0,216
"CHC",4,2018,2018-04-15,98161,0,0,0,0,98161,5700,178324,0,0,0,184024,0,0,0,0,0,0
"CHS",4,2018,2018-04-15,0,0,0,0,0,0,108094,0,0,0,0,108094,0,0,0,0,0,0
"BA",4,2018,2018-04-15,290151,0,0,0,0,290151,172977,0,0,0,0,172977,0,0,0,0,0,0
"CHN",5,2018,2018-05-15,348120,0,0,0,0,348120,147872,200304,150228,0,0,348176,163,0,0,0,0,163
"CHC",5,2018,2018-05-15,0,0,0,0,0,0,7018,635,635,0,0,7653,0,0,0,0,0,0
"CHS",5,2018,2018-05-15,72370,0,0,0,0,72370,0,0,0,0,0,0,0,0,0,0,0,0
"BA",5,2018,2018-05-15,308241,0,0,0,0,308241,100987,0,0,0,0,100987,4,0,0,0,0,4
"CHN",6,2018,2018-06-15,36720,0,0,0,0,36720,14205,191664,0,191664,0,205869,93,0,0,0,0,93
"CHC",6,2018,2018-06-15,0,0,0,0,0,0,100083,11616,0,0,0,111699,0,0,0,0,0,0
"CHS",6,2018,2018-06-15,0,0,0,0,0,0,26260,0,0,0,0,26260,0,0,0,0,0,0
"BA",6,2018,2018-06-15,157270,0,0,0,0,157270,111165,0,0,0,0,111165,0,0,0,0,0,0
"CHN",7,2018,2018-07-15,130680,0,0,0,0,130680,14320,177408,0,177408,0,191728,445,0,0,0,0,445
"CHC",7,2018,2018-07-15,756,0,0,0,0,756,9379,91839,544,0,0,101218,0,0,0,0,0,0
"CHS",7,2018,2018-07-15,1120,0,0,0,0,1120,57040,0,0,0,0,57040,0,0,0,0,0,0
"BA",7,2018,2018-07-15,238079,30764,0,0,0,268843,95699,12106,6135,0,0,107805,110,0,0,0,0,110
"CHN",8,2018,2018-08-15,261000,0,0,0,0,261000,369657,176148,0,176148,0,545805,0,0,0,0,0,0
"CHC",8,2018,2018-08-15,1815,0,0,0,0,1815,6459,28132,0,0,0,34591,0,0,0,0,0,0
"CHS",8,2018,2018-08-15,7340,0,0,0,0,7340,20915,4128,0,0,0,25043,0,0,0,0,0,0
"BA",8,2018,2018-08-15,140493,103535,4379,0,0,244028,105683,11278,0,6772,0,116961,0,0,0,0,0,0
"CHN",9,2018,2018-09-15,0,351864,87966,0,0,351864,625572,176148,0,176148,0,801720,416,0,0,0,0,416
"CHC",9,2018,2018-09-15,0,0,0,0,0,0,8368,2087,0,998,0,10455,24,0,0,0,0,24
"CHS",9,2018,2018-09-15,0,0,0,0,0,0,11508,0,0,0,0,11508,0,0,0,0,0,0
"BA",9,2018,2018-09-15,56997,109791,107972,6614,0,166788,90089,11230,0,6499,0,101319,36,0,0,0,0,36
"CHN",10,2018,2018-10-15,5760,236736,177552,0,0,242496,368065,293904,220428,0,0,661969,870,0,0,0,0,870
"CHC",10,2018,2018-10-15,6806,0,0,0,0,6806,9677,1180,0,1180,0,10857,0,0,0,0,0,0
"CHS",10,2018,2018-10-15,0,0,0,0,0,0,10559,0,0,0,0,10559,19,0,0,0,0,19
"BA",10,2018,2018-10-15,34418,115248,2324,107160,0,149666,86129,17156,5079,6766,0,103285,80,0,0,0,0,80
"CHN",11,2018,2018-11-15,8640,208872,0,208872,0,217512,433126,258336,258336,0,0,691462,328,36,36,0,0,364
"CHC",11,2018,2018-11-15,0,34183,0,0,0,34183,11036,0,0,0,0,11036,0,0,0,0,0,0
"CHS",11,2018,2018-11-15,0,0,0,0,0,0,5105,0,0,0,0,5105,0,0,0,0,0,0
"BA",11,2018,2018-11-15,33947,111579,0,105999,0,145526,47536,30665,13946,11727,0,78201,0,298,209,0,0,298
"CHN",12,2018,2018-12-15,5040,241920,0,241920,0,246960,385186,292896,0,292896,0,678082,1462,609,0,609,0,2071
"CHC",12,2018,2018-12-15,0,0,0,0,0,0,7000,0,0,0,0,7000,0,0,0,0,0,0
"CHS",12,2018,2018-12-15,0,0,0,0,0,0,4054,0,0,0,0,4054,0,0,0,0,0,0
"BA",12,2018,2018-12-15,71304,102265,0,97152,0,173569,45436,51078,0,30647,0,96514,0,1568,140,231,0,1568
"CHN",1,2019,2019-01-15,55800,241920,0,241920,0,297720,53806,184176,0,184176,0,237982,531,609,0,609,0,1140
"CHC",1,2019,2019-01-15,0,0,0,0,0,0,12486,0,0,0,0,12486,0,0,0,0,0,0
"CHS",1,2019,2019-01-15,0,0,0,0,0,0,7417,0,0,0,0,7417,0,0,0,0,0,0
"BA",1,2019,2019-01-15,114635,53250,0,50587,0,167885,109025,51003,0,30647,0,160028,0,425,0,297,0,425
"CHN",2,2019,2019-02-15,86760,1512,0,1512,0,88272,102627,164304,0,164304,0,266931,330,308,0,308,0,638
"CHC",2,2019,2019-02-15,0,0,0,0,0,0,21525,0,0,0,0,21525,0,0,0,0,0,0
"CHS",2,2019,2019-02-15,0,0,0,0,0,0,5919,0,0,0,0,5919,0,0,0,0,0,0
"BA",2,2019,2019-02-15,164172,0,0,0,0,164172,37399,36600,0,21960,0,73999,0,862,0,605,0,862
"CHN",3,2019,2019-03-15,18000,0,0,0,0,18000,199033,109584,0,109584,0,308617,139,310,0,310,0,449
"CHC",3,2019,2019-03-15,0,0,0,0,0,0,17831,0,0,0,0,17831,0,0,0,0,0,0
"CHS",3,2019,2019-03-15,0,0,0,0,0,0,3440,0,0,0,0,3440,0,0,0,0,0,0
"BA",3,2019,2019-03-15,53507,0,0,0,0,53507,59966,2549,0,1650,0,62515,0,157,0,313,0,157
"CHN",4,2019,2019-04-15,24480,0,0,0,0,24480,271344,0,0,0,0,271344,732,0,0,0,0,732
"CHC",4,2019,2019-04-15,0,0,0,0,0,0,11140,0,0,0,0,11140,0,0,0,0,0,0
"CHS",4,2019,2019-04-15,0,0,0,0,0,0,21813,0,0,0,0,21813,0,0,0,0,0,0
"BA",4,2019,2019-04-15,314253,0,0,0,0,314253,56934,0,0,0,0,56934,224,0,0,0,0,224
"CHN",5,2019,2019-05-15,720,0,0,0,0,720,485451,0,0,0,0,485451,209,0,0,0,0,209
"CHC",5,2019,2019-05-15,0,0,0,0,0,0,8308,0,0,0,0,8308,0,0,0,0,0,0
"CHS",5,2019,2019-05-15,0,0,0,0,0,0,192222,0,0,0,NA,192222,76,0,0,0,0,76
"BA",5,2019,2019-05-15,365377,0,0,0,0,365377,116330,0,0,0,0,116330,150,0,0,0,0,150
"CHN",6,2019,2019-06-15,352440,0,0,0,0,352440,162551,0,0,0,0,162551,317,0,0,0,0,317
"CHC",6,2019,2019-06-15,0,0,0,0,0,0,8964,163199,0,0,0,172163,0,0,0,0,0,0
"CHS",6,2019,2019-06-15,0,0,0,0,0,0,5824,0,0,0,0,5824,0,0,0,0,0,0
"BA",6,2019,2019-06-15,202272,0,0,0,0,202272,49427,0,0,0,0,49427,65,0,0,0,0,65
"CHN",7,2019,2019-07-15,309600,0,0,0,0,309600,186289,0,0,0,0,186289,616,0,0,0,0,616
"CHC",7,2019,2019-07-15,0,0,0,0,0,0,56859,107720,600,0,0,164579,0,0,0,0,0,0
"CHS",7,2019,2019-07-15,0,0,0,0,0,0,4012,0,0,0,0,4012,0,0,0,0,0,0
"BA",7,2019,2019-07-15,197882,0,0,0,0,197882,48747,0,0,0,0,48747,41,0,0,0,0,41
"CHN",8,2019,2019-08-15,403200,0,0,0,0,403200,412690,0,0,0,0,412690,52,0,0,0,0,52
"CHC",8,2019,2019-08-15,0,0,0,0,0,0,163234,0,0,0,0,163234,0,0,0,0,0,0
"CHS",8,2019,2019-08-15,0,0,0,0,0,0,3258,0,0,0,0,3258,0,0,0,0,0,0
"BA",8,2019,2019-08-15,35672,111438,0,0,0,147110,54609,2540,0,0,0,57149,0,0,0,0,0,0
"CHN",9,2019,2019-09-15,109872,256788,128394,0,0,366660,285710,100000,50000,0,0,385710,135,0,0,0,0,135
"CHC",9,2019,2019-09-15,0,0,0,0,0,0,9315,101549,0,0,0,110864,0,0,0,0,0,0
"CHS",9,2019,2019-09-15,4067,0,0,0,0,4067,0,0,0,0,0,0,0,0,0,0,0,0
"BA",9,2019,2019-09-15,185464,117412,117412,0,0,302876,69868,3034,120,0,0,72902,14,0,0,0,0,14
